-- phpMyAdmin SQL Dump
-- version 5.1.3
-- https://www.phpmyadmin.net/
--
-- Servidor: 127.0.0.1
-- Tiempo de generación: 16-11-2022 a las 16:06:33
-- Versión del servidor: 10.4.24-MariaDB
-- Versión de PHP: 8.1.4

SET SQL_MODE = "NO_AUTO_VALUE_ON_ZERO";
START TRANSACTION;
SET time_zone = "+00:00";

--
-- Base de datos: `bdatos`
--

-- --------------------------------------------------------

--
-- Estructura de tabla para la tabla `d_pedido`
--

CREATE TABLE `d_pedido` (
  `ID` int(7) NOT NULL,
  `ID_Folio` int(7) NOT NULL,
  `ID_Pro` int(7) NOT NULL,
  `Cant` int(5) NOT NULL,
  `Precio` float NOT NULL
) ENGINE=InnoDB DEFAULT CHARSET=utf8mb4 COMMENT='Tabla de Detalle de Pedido';

--
-- Volcado de datos para la tabla `d_pedido`
--

INSERT INTO `d_pedido` (`ID`, `ID_Folio`, `ID_Pro`, `Cant`, `Precio`) VALUES
(34, 22, 8, 4, 20),
(35, 22, 9, 4, 10),
(36, 23, 8, 5, 20),
(37, 23, 9, 1, 10),
(38, 24, 9, 11, 10),
(39, 24, 8, 3, 20);

-- --------------------------------------------------------

--
-- Estructura de tabla para la tabla `pedido`
--

CREATE TABLE `pedido` (
  `Folio` int(7) NOT NULL,
  `ID_Us` int(5) NOT NULL,
  `cliente` varchar(20) COLLATE utf8_unicode_ci NOT NULL,
  `can` int(5) NOT NULL,
  `total` float NOT NULL,
  `cam` float NOT NULL,
  `Fecha` varchar(11) COLLATE utf8_unicode_ci NOT NULL
) ENGINE=InnoDB DEFAULT CHARSET=utf8 COLLATE=utf8_unicode_ci COMMENT='Tabla de Pedido';

--
-- Volcado de datos para la tabla `pedido`
--

INSERT INTO `pedido` (`Folio`, `ID_Us`, `cliente`, `can`, `total`, `cam`, `Fecha`) VALUES
(2, 10, 'Lau', 5, 150, 50, '2022-11-06'),
(3, 10, 'Diego', 12, 305.5, 194.5, '2022-11-06'),
(4, 10, 'A', 5, 150, 50, '2022-11-06'),
(5, 10, 'Prueba3', 2, 60, 10, '2022-11-06'),
(6, 10, 'Diegooo', 3, 90, 10, '2022-11-06'),
(7, 10, 'AB', 2, 60, 10, '2022-11-06'),
(8, 10, 'abnegativo', 3, 35.5, 14.5, '2022-11-06'),
(9, 10, 'Apositivo', 3, 62.75, 7.25, '2022-11-06'),
(10, 10, 'anegativo', 4, 65.5, 4.5, '2022-11-06'),
(11, 10, 'bprositivo', 6, 98.25, 1.75, '2022-11-06'),
(12, 10, 'pruebacan', 2, 60, 10, '2022-11-06'),
(13, 10, 'Al', 3, 35.5, 4.5, '2022-11-06'),
(14, 10, 'alitas', 3, 35.5, 14.5, '2022-11-06'),
(15, 10, 'pl', 7, 182.75, 317.25, '2022-11-06'),
(16, 10, 'wero', 8, 131, 69, '2022-11-06'),
(17, 10, 'bolo', 8, 158.25, 41.75, '2022-11-06'),
(18, 10, 'Julio', 4, 38.25, 11.75, '2022-11-06'),
(19, 11, 'rafa', 10, 218.25, 1.75, '2022-11-07'),
(20, 10, 'blanca', 32, 908, 92, '2022-11-07'),
(21, 10, 'jesus', 43, 1290, 18710, '2022-11-07'),
(22, 10, 'Prueba1', 8, 120, 100, '2022-11-13'),
(23, 10, 'julio', 6, 110, 390, '2022-11-13'),
(24, 10, 'Astrid', 14, 170, 30, '2022-11-15');

-- --------------------------------------------------------

--
-- Estructura de tabla para la tabla `producto`
--

CREATE TABLE `producto` (
  `ID` int(7) NOT NULL,
  `Nom` varchar(50) COLLATE utf8_unicode_ci NOT NULL,
  `Can` int(5) NOT NULL,
  `Pre` float NOT NULL,
  `Des` text COLLATE utf8_unicode_ci NOT NULL,
  `Img` blob NOT NULL
) ENGINE=InnoDB DEFAULT CHARSET=utf8 COLLATE=utf8_unicode_ci COMMENT='Tabla de Producto';

--
-- Volcado de datos para la tabla `producto`
--

INSERT INTO `producto` (`ID`, `Nom`, `Can`, `Pre`, `Des`, `Img`) VALUES
(8, 'Aguja', 18, 20, '', 0xffd8ffe000104a46494600010100000100010000ffdb008400060606060706070808070a0b0a0b0a0f0e0c0c0e0f1610111011101622151915151915221e241e1c1e241e362a26262a363e3432343e4c44444c5f5a5f7c7ca701060606060706070808070a0b0a0b0a0f0e0c0c0e0f1610111011101622151915151915221e241e1c1e241e362a26262a363e3432343e4c44444c5f5a5f7c7ca7ffc20011080118010403012200021101031101ffc4002c000100030101010000000000000000000000010204030506010100000000000000000000000000000000ffda000c03010002100310000002faa0000000000000000000000000000000000000000000000000000000000000000000003996799d8de000000000000000000000508f3971e956c0000000000000000000004799df893e8c80000000000000000000006340da0000000000000000000000c681b400000000000000000000018d036800000000000000000000031a06d00000000000000000000006340da0000000000000000000000c681b4000000000000000000000192d05760000000000000000000000385857b800000000000000000000029782b70000000000000000000000000000000000000000000000000000000000000000000000000000188dacd9cf458ac6b649353258d2c9d0eee598dcf3bb1ade6753731763b80000000001942d50b40202d00b076ce0809b053a076000001fffc40002ffda000c0301000200030000002100000000000000000000000000000000000000000000000000000000000000000000013800000000000000000000013820000000000000000000000480000000000000000000000c00000000000000000000000c80000000000000000000000c80000000000000000000001c80000000000000000000001c80000000000000000000001c80000000000000000000000400000000000000000000001800000000000000000000000400000000000000000000000000000000000000000000000000000000000000000000000000000020010430420c20000000000072070073c000820000000fffc40002ffda000c03010002000300000010f3cf3cf3cf3cf3cf3cf3cf3cf3cf3cf3cf3cf3cf3cf3cf3cf3cf3cf3cf3cf3cf3cf3cf20f3cf3cf3cf3cf3cf3cf3cf2c93cf3cf3cf3cf3cf3cf3cf3013cf3cf3cf3cf3cf3cf3cf10f3cf3cf3cf3cf3cf3cf3ce34f3cf3cf3cf3cf3cf3cf3cf3cf3cf3cf3cf3cf3cf3cf3cf00f3cf3cf3cf3cf3cf3cf3cf24f3cf3cf3cf3cf3cf3cf3cf2473cf3cf3cf3cf3cf3cf3cf3873cf3cf3cf3cf3cf3cf3cf2473cf3cf3cf3cf3cf3cf3cf30f3cf3cf3cf3cf3cf3cf3cf3cf3cf3cf3cf3cf3cf3cf3cf3cf3cf3cf3cf3cf3cf3cf3cf3cf3cf38e38d38d30c38c3cf3cf3cf3cf1c020f0081cf3cf3cf3cfffc40014110100000000000000000000000000000080ffda0008010201013f00197fffc40014110100000000000000000000000000000080ffda0008010301013f00197fffc40032100002010203060404060300000000000001020300110412213132404142a113142251617181b12330627091e17282c1ffda0008010100013f02fd9e66551726c291d585c71f24ab1ae66afc49c9773655edfdd6173b3e7b9ca3417e7c74b2ac69734a1a7632486ca2b5c4b055f4c4b4005000e364758d4b3500d88632486c82bd5893957d312d2aaa0b0e35982824d3133be6639517b7f7401c458019621de95554586ce3a470fa9dc1dea281a5debe4db6f7a0001c749206173b9f7a8e23210ee3d3d2bc7c9206173b83bd4719908771a74af1f248185cee0ef51c46421dc69d2bc7c9206173b9f7a8a33210ee34e95e3e49030b9dcfbd4711908771a74af1f248185ce883bd4511908771a74af1f249985cee0ef51446421dc69d2bc7c9206173b83bd4719908771a74af1f248185cee0ef51c46421dc69d2bc7c9206173a20ef51466421dc69d2bc7c9206173b9f7a8e33210ee34e95e3e49030b9dc1dea388c843b8d3a578f964046bb83bd4711908771a74af1f2c82dfa7ef51c4588771fe2bc7c8f51c5ae67fa0f6e3ddf95247d4db7edc7b3721b6952da9dbc79a0b6fdc89f1564c4e40734637b4db4b8a42e132bab5ed63f2bd3639ad214858810e7074f8fc68e3e156447bab1b69a697af38ba1f0df562a366b6fad79bb3cc1a36f4b851b35bf2a18b527288dcb6b75d2e2d585c4f8a0adee416b9f6d7651c522993d2d64dadcafed5e7141cbe1499efb9a5f65ea1c4a4da00c3d2185f983466061778fd560dfcad2cd33444874241f57e1b0cbfebb4d2e2e43e0dcaa02a09390b0b93efcabcc48d3154505723e53ee56ddb5af3928ba9318b3e5ce410069ed498a95bca9c8b9643627e8767f14712f1cf964ca16cc761e5f1e75879647f173ae5caf603e1607fefe7c9844919cb336aa579697a7c2a33e7cec1af7b8f95abc94405b33dbc3c847b8a186cac0895efa5f67aadef4d85530f859d80b9bece74d85425ce671720fc88e74308a0e612386d6edccdfde970c89aa330363dcde9b0a84c9ea7b3ed5e57f7a5c2a870f9dd981bdcfcad5161d22cb949f4c613e82985c117b7cabca8dbe2c99ef7cfa5ebca259533be51d3eff003a6c161736611053623d22db6bcb2e57064739ed98f32072a920ce6322465c87402df2f6af29116f592e35b2b6a05ea2c3c3097f0d02e63adbf23fffc40028100100020102060104030100000000000001001121314140516181f0f17191a1b1d13070e1c1ffda0008010100013f21fe9e7e70dd9763ea571ed93e0e70ea533a7c79c1b4c9eeadcf8e44ff000739f8787391fb8005f950e3a0d0e35f8c13f1d0bd09827f910c9d071a95506ac43aa1f0fda3fb372049d0e35432ccc759cea850d4542d5bbb000141a71aa05b10251f3da55987b1e3940b6204af2f695a63ec78e502d8892bcbda5498fb5e3940b62a4a3e7b4a5b1f63c72816c64947cf695063ec78e502d8e93eebfcca1b1f63c72816c364af2f694263ec78e502d8e92bcbda57d8fb1e3940b6224af2f695063ec78e502d8e93c5fa4a531f63c72816c64947cf695b63ec78e502d8c92bcbda5498fb1e3d32aa1a291f6bc7a16686bff04d025f01d5e3ce936d1ad5e8444167b7feb8fab0fb7e094bd81b7c38f435153cc2b8fb562165aaeffd90822a7907c35fb46630ea18f857527ed30d0e4c427c1b275b46f9ed3183ed9dad757d1075aaab930736b985b4551b1673d65c4abd555182eb52e87b8a8c05f55ca15a461f70ada2f4cb015cf12c9b08539c1537cd38055ea6c96c538a942a887742f0e49be10b39b56bd994df439cc146427998464cfde81a32d4f23484d05cc162df5fe7265e23635563a6f109a6d9315a363a904cd8ce1b9ae36b9a06c3e91a3f133e2af32f68d8f3808c4a134602cd710668a24fa256db4754e15c677366d789bd94dc642baa27f22a33b180e73253457e1732a2c6ba89a996bad662ab4aaed10e72ae5677785e7794b95f03d39c6f899b9e453e00188796331774ee5ce361b14b74aff630d14d01a1558dbf83ffc400261001000201040300010403000000000000011121003140415161a1b130707181d191c1f0ffda0008010100013f10fd1ed424098295e04a777bf8e99a06aba300b273a84701ac1a2644e47d0df5598a0d5f465b8173016abdf78686928229cff461901c06846f612fc06aae8076e5b60cdc04e4efb70241a0a208695f0c33ba237a4ecf28f589381a989ffefc18b21611428c2665a37a4a8002ae157440d47cbe3ac75e924427234e2005006f512000aad0466bb8b74a31a84e3fa1f86f952000aae6bb8dd28c3d078bfa37d1be548002ab9ae065d28c555d2de8df46f912000aad0464d32cdd28c2e28ea7a3f86f952000aaf8c500d9ba518abba5fd1fc37ca900055712c5ae90c242bdf33f86f912000aad0466a4b9d28c2528cbfa3f86f9120012bc119a80374a30e0942fe8df46f952000aae4e024f4a315774bfa3f86f952000aae208b1d28c2d68cfccfe1be548002abe3164dde9462b81d7f47f0df20400155cf2c594a315574b9d686fa37cd672098e8a38fd8ca4f453d1ff00adf84ae93355f0c8f317ff000be4df8cab79352d660203fb0efd751958792becf98c702080b0ebb3dbbf620a0035c27a9183a1d1bfb71278c99972bfa7ea42d9de62203025e5cc31b79495444ba4c1202e8f3b1658c346bfaec41b27cf03232a8938acd32532c252f80bcafc0193cba2e485361e10b391b979854d2343109cc36208ae568a321a2e397745aad1738e5781610846bd7392ee44269089ab6460c627f26228e3155275518d46b2cf9b6a2bb09a4a138bee8dc633d7c9228620747922b1dea6d2f0e24706403de2738e710ebd2e8f2c4eafcec0f30208f65bf910c69dcf22d610089784d4ea83eb56996cc03496c4c1ad15d61a624aa8149788d134e4c87aa70815e8c025a8e49efab5a1493f0408c1eee75a5c21456b127d58931415079a6271b3114eda544805a63ae594c6564580c24e6606898d4d6f018c00328a14698e315118d6e2f1495704c58c91546c9990d0709d2c0ee812208e8c04b4774a433344646af52de73024be24c647fc51e464408a4c76bf83ffd9),
(9, 'Borrador', 84, 10, '', 0xffd8ffe000104a46494600010100000100010000ffdb008400090607100f0f0f0f0d0d0d0f0f0f0d0f0d0f0f0e0d0f0d0f0f0f1511161615111313181d2820181a251b131321312125292b2e2e2e171f3338332c37282d2e2b010a0a0a0e0d0e171010182d1d1d1d2d2d2d2d2d2d2d2d2d2d2b2d2d2d2d2d2d2d2d2d2d2d2d2d2d2d2d2d2d2d2d2b2d2d2d2d2d2d2d2d2d2d2d2d2d2d2d2d2d2dffc0001108022a022a03011100021101031101ffc4001b00010002030101000000000000000000000001020304050607ffc4003a100100020102040404050205040203000000010203041105122131064151611322718132425291b123a1143362c1d1437282f015e16373b2ffc4001a010101010101010100000000000000000000010204030506ffc4002911010002020202010402020301000000000001020311213104124122325161137133421452a123ffda000c03010002110311003f00fb8800000000000000000000000000000000000000000000000000000000000000000000000000000000000000000000000000000000000000000000000000000000000000000000000000000000000000000000000000000000000000000000000000000000000000000000000000000000000000000000000000000000000000000000000000000000000000000000000000000000000000000000000000000000000000000000000000000000000000000000000000000000000000000000000000000000000000000000000000000000000000000000000000000000000000000000000000000000000000000000000000000000000000000000000000000000000000000000000000000000000000000000000000000000000000000000000000000000000000000000000000000000000000000000000000000000000000000000000000000000000000000000000000000000000000000000000000000000000000000000000000000000000000000000000000000000000000000000000000000000000000000000000000000000000000000000000000000000000000000000000000000000000000000000000000000000000000000000000000000000000000000000000000000000000000000000000000000000000000000000000000000000000000000000000000000000000000000000000000000000000000000000000000000000000000000000000000000000000000000000000000000000000000000000000000000000000000000000000000000000000000000000000000000000000000000000000000000000000000000000000000000000000000000000000000000000000000000000000000000000000000000000000000000000000000000000000000000000000000000000000000000000000000000000000000000000000000000000000000000000000000000000000000000000000000000000000000000000000000000000000000000000000000000000000000000000000000000000000000000000000000000000000000000000000000000000000000000000000000000000000000000000000000000000000000000000000000000000000000000000000000000000000000000000000000000000000000000000000000000000000000000000000000000000000000000000000000000000000000000000000000000000000000000000000000000000000000000000000000000000000000000000000000000000000c793356bf8ad10c5b256bf74e9aad66dd2b4d4527b5a3f84ae5a5ba959c768ee19a1e8c00000000000000000000000000000000000000000000000000000000000000000000000000000000000000000000000000035357ab8a748eb3fc39b3f9118e351dbdb1e2f67272de6d3bcbe55ef369dcbbab58ac6a15dd86b4d9c3acb57cf78f4974d3cabd3f70f1b60acb7b06beb6eff2cfbf67763f2a97ef872df05abfb6dc4bab6f148000000000000000000000000000000000000000000000000000000000000000000000000000000000000000000004834759acdba57bf9cfa38fc8f262bf4d7b7462c3be65cbb5a67acbe64ccccee5db11ae95dd1a00dc089134cd83556af69e9e9e4f6c79ef4979df156ce861e2359fc51b7f77763f32b3f770e5bf8f68eb96e52f13da625d55b44f4f09898ed66900000000000000000000000000000000000000000000000000000000000000000000000000000000000000011320d0d6eb36f96b3f5970f91e4ebe9aba7161df32e6da777cd99dbb2234aee34800548881410dc34cb8f35abf86661ba64b53a962d8e2ddb7f0f109ed68fbc3bb1f97ff00672dfc7fc377166adbb4bb2b7adba973dab31db236c80000000000000000000000000000000000000000000000000000000000000000000000000000000000899073759acdfa57b7f2f9de4793bfa6aebc587e65cfb4b81d7108151229080a1b8000006e0989369a5a9798f36ab698ea599ac4b6f06bed1d27ac7bbb31f9768fb9cf7f1e27a6f62d6d2de7b4fa4bb299e96f9735b15aad987b3cc00000000000000000000000000000000000000000000000000000000000000000000000000000116b6d1bca4ce888db97add5f374af6fe5f37c8f27dbe9af4ecc3875ccb4665c4ea40a81410401400004289056f9222266662223bcccedb2ca39197c4da58b72c65e7b7a63adb27f10d7f1da79d26e1b18b8d61b7e6b563d6f4bd23f7984f5956fe2d456dd6b6898f5898923709a86de1d5dabda7a7a3df1f937afcede37c35b37b1f1189fc51b7d3abae9e6567be1cf6f1ed1d36f1e48b769897556d168dc4bc26b31daed20000000000000000000000000000000000000000000000000000000000000000000000002b92f158de52d68ac6e562266750e56af5736e91d2bfddf333f9336fa63a7662c315e67b69ccb8dd3a40a0008005040500410b016bc42a391e20d24ea305b1d2fc933b4c4f974f29f66ebc4ed3e1e3a789e2d0e38c58631df51db2648f9ab16f3ebde5d3149bcee7a78cda2ad7e0da8d4e7cb36cbac9c74f3e6bc46f1e95acf4d9abc5223884a4da67996df18e315d3e6a4e8b2ff00fb6b4eb8e67e91d376298b713b86ad788d69ee7856ae72e2c7926bcb37a45a627a6dbc3966353a7ac4edbb32caaf4c931da661aaded5ea599a44f6ddc1c4663a5a37fe5d98bcd98e2d0e6bf8d1f0dfc3a9adfb4fda5db4cd4bf52e6b63b57b65ddeac2400000000000000000000000000000000000000000000000000000000000000000014cb922b1bccb36b456372b5acda750e46ab51379f6f287c9cf9e6f3fa77e2c5156accb9dec814000141000500042028f3de29e13975314f85926bcb3d6bbed16f7dde98ed159dcc336aef87078962e217a57063c57a522b149b45e266fb4779b3db1ce3ded8b45ba384f846b8a3e2eb26b3cbbda69f9636ebbccf9b76cf33c43ceb8e23b6af13f105325be16974f8ef11f2d6d7aefcdff006d7ca16b8fe6649c9f108c36ae979326a70e966dcd13f0e95daf48f5efb764989b71132b1311dbdbff00f238b1e28cb7b5698f9626267a749edd1cf31333a87aee1cce1be2fc39f2fc3ad32c6f6dab6db789f7988ecb7c3688dca45e26787a28cd1d2378ebeef1d3d193705e2ebb98666ad9c3adb57cf78f497463f2af5fdbc6f82b2dfc5afacf7de1dd4f2a9672db05a1b55b44f5897444c4bc52a00000000000000000000000000000000000000000000000000000000000000c7972c563799fb317bd691b96ab59b4ea1c8d4ea26f3ede50f939b3ce49fd3bb1e28ab5f7783d902a001400000001040240044c28a4d176ce9cfe37a19cf8326389da6d59889f7f76a2da98935b78fe13c0b262bdeba8d34e4acc46d7a4c4edb7a76745f2c5a3879d69a94f19d268b4bb4cd272659f9ab8e6f33b7bdfd8c736b7525b51db958f4faae21789b4ed8a276ebbc63a47fa63d5eb334c7fdbcbeabff4ebd789e97877f4f15272dff3de36ff00faf379fa5b2f32dfb569c2743c3ed9b2575b7cf931d22ff13972fcb68889dfbf6e5666751eba6bb9dedd4a78d34ff17e156b96f1bc473d2b13133ed1de6199c1688dcaff00244cea1ea31db78ddcf30f464805b75da699316a2d5eb132f4a66b57a979db1459bb8788fea8fbc3b29e66fee73dfc7fc37b166adbb4c7d3cdd95bd6dd4b9e6b31db236c800000000000000000000000000000000000000000000000000000000306a351148ebdfca1e5972c638dcb74a4da7871f3e69b4ef33f67c9cb96d79dcbe8531c5618a65e4f440a0082144800804a000202a1410012b092aca8ace38368e1f11f0ce0cf97e2de2dcdbc6fb5b689dbca5bae49af105ab12e3789b0eaabfd1d2e1e5c1cb11be3da2d69fd3ed0f5c76aef7662f13f0e769f84e1d1d2b9b5d68b64db7a62df7fa46dff00b0f59c9379d55e7158ac6e5c8e31c6b2eaa7f46189e58a5778affe53e72f5a63ad7fb79def33d74def0f6bb1e098f83a4cb9afda7279fd2be8f3cb5f6ee74de3988ea1eff85ebe72539af8af867f4de63f7898725aba9e25d112e856f13e6c695789454ee06e88bd6f31d9aade6bd4b33589edb587885a3bf5875e3f32d1df2f0bf8f13d37b16ba96f3da7dddb4f2296735b0daada87bbc800000000000000000000000000000000000000000000000000006beab53148f2dfca1e39b34638fdbd31e39bcfe9c8cb966d3bcf77c8c9926f3b977d29158e18f761b40a89140db1e6cf4a46f92f4a47adef5ac7f758accf50936886bd78b69a6768d569e67d23363ff96bf8afff00594f7afe5b74b44c6f131313e713bc7eec4c6bb5dedccd4f8834d8f34e0c99396d1b6f698f92267ca6de52f58c179afb443ce7256274e9d6626226262626378989de263da5e5a7a44a514000024100280215900052d58915c9e27e1ec1a89e6c94f9b789e6accc4cfb355bdabd4a4c44f6f21e36d1462f818f16398c71599e91d37eddfd5d382f1b99978e5af1c3367e27fe034b87152b1f1af8e6dbcc74aef3de7d656b5fe4b6cb4fa439da6d0e7d46fa8d5ea2d8f0f7ded6e5de3da3c9bb4c578ac331136e6d26938de4c397e1e822f6a4cc445724ce5e79fd511e496c51adda563273a87bdc5c5ab8f1d2dabbe3c37b446f5e7f3f6ddc9ebcce9efbfcba187535bc45ab68b44f698989863531db4cd164d06e81cc9a13165de934d9c3abb57b4f4f4f274e3f26f5e1e37c15b3a1835f59fc5d27fb3bf1f935b77c392f82d5e9b74bc4f58989fa3a22627a794c6bb595000000000000000000000000000000000000000000000006b6af55148f59fe1e19b3c638fdbd71e29bb8f92f333bcfabe45ed369dcbbeb58ac6a14965b40277046e0f1bc5bc4d9b3e6ff0009c3637b4da6b6cdfccd7d223d5dd8bc7ad6bef91cd7cb333aab438bf86e271e4bdb36a2d93162aded9b34c5f067bcf7a639df789f47b5337311a8d7fec7f6c5a8f33aed05f4f9271e6ac56f158b4c6f16e931bc3a2b78b46e25e535d3a7e1dd75f166c714c97ac4e4ac4c45be59899edb7678e5a44c4f0f4a5a627b6bf11cbcd6bccfe29b5a677efcdbb78e388d25a5d9f02715cb5cf1a5b5a6d8af16e5acef3f0ef11bf4f48e9d9e1e5e3acd7dfe61bc179de9f437cc75828a0800802415512a8810dc54000c793056df8ab13f588907378a700c1a8dbe253ac46d131d2623d1bade6bd24d627b79ae35e17d45ed5ae2c936c55da2b17c93f2447b79bdb1e68af7dbced8e67a63d466c1c36bf0b1539f3cd7e6c96ac7cb33effecd46f24ee599d521c9d3f0ccdaa99d46af24d316d33392f3b4cc794563ca1ebef15e2ac7a4db9b14d7deb96b8b875b34563788eb36e7b79db6f449ac6b7658b4f557d0b1eb7e160ae4d55eb498a44e49fcbbedd76727aee787bef5dbcd712f1ed6276d3e2e6ff5e49e589fa44757bd7c699ede56cdae99349e20d65e22d7ff000b4e6f9ab4bcdab3cbfbf4fbb16c5589d72dd6f32e869bc5358cbf07538e70dfa6d3bf3d2dbfa4b138a75b86bdf9d4bd263beef06d92251197166b567789987b532da93c4b16c75b76e860e231f9e3ef0eec5e644fdd0e4bf8f31d37a9789eb13bbb62d13d39e6263b5950000000000000000000000000000000000000000001adacd4f247bcf67866cb18e3f6f4c78e6f2e3e4befd5f26f79b4ee5f46b5d469461a40000389e33d5db0e8b2cd378b5f97144c7945a7699fdb77bf8d58b648dbcf2ceabb7cdb874e4acdbe1e59c359ace3c99379ad7927f2ceddfe91d5f56d113db8abb74387e0a69f361c9a8f8d38697f89b7c38e59dbf0db979b7db788ef1bbcefbb567d7b96a35131be9dce1daec5aad46a3e056d48e4b66cd9ed5adf559eb1ff004f1c4f4a47f7d9e16ada958dcff51f10f4898b4ce9e773eaf476ade29a5cd86fff004ed19e6ff37ff922ddbede8e88adf71b98979ccd7f0bf0dac6bb3530e5898c99378f8d4efd2b33bde9daddbbc6d2c5e7f8ab368ea16babcea5ea3c29c3a94d6eb2d1f37c18a608bf6f9f9639e623df672f9179f4aefe797b62ac7b4bd7389d29500100100021a401120800100b44824544d1369a69eaf87e3cbb7c5c75bed3bc7346fb4b71698498703c47c0336a2d49c592b14ac6d38ed1d227f54374c911f0cdabb6ff0006e098f4b598ac7cd6fc7699de667fd89bcdbb22bae9e3bc5ba8c9a9d4ce1a44dab8e62b5ac44cef3e769fdf674e188ac6de393733a73b86706cb6cd6a4638bde9b7599fe9d267cedefecddf2c699ad276f51ffc0463a45b34e4cbb4c5be0e2af4bdf7ef3e73f773ff0026fae1edeb0f39e27c59a6f19b2e2f855988a638e9bc447689f77be1f5fb61e5977bdbdcf833537c9a4c73937de39abbcf9c45a7671658d5e61d149dd625e8a1e4da62444c48699f06a66931b76f38f274e1cd6a4fe9e393145a1d9c3962f1131e7fd9f5a978b46e1f3ed59acea591a40000000000000000000000000000000000000004483cf6a753cd7b6febb47b3e465bfb5e65f471d7d6aac4eef1987ac4a185050011a3c738746ab4f930ef113688e599ed1789deb3fbbd315fd2d1663257da261f27c95cd82f38f244d2f8e66396d1bf2ccfe6afa4fbbebc6ad1b870cee3b6ce9b3d62b1b4c56d3bce5b5a2d392d6dfbd6f1bcedb6dd09869b5a8ac52f4b63be68cd4af5c95b570cda67aef1788dadb6f11e5beccf71c9d39bc4f25af9ed36c9f1ad3311cf111bda76edb479f9746e3511f88677b97a4e05a1be8e39e6bcdafcf49a69b4fde71567be5c9fa63fe1c996f1938ff58ee7f3fa7b52b35fedec78270d8d3618c7bf35e667265bf9df25bada5c59727bdb7f0e9a57d61bef26d2a002222645444824112d22370402601006c098804a2a50365113044a694bd5a894791d6e8eb83536be48b7c2cd113196b3b4e2bfa6fe512f48b4cc6bf09311b6e69f43f0e997e15ef96334cda6fcf1392b331b749ed24da67b2221a53c52d4c918b2e4e59c96ac45a266b14a563af7ed333fcb515998dc26f52e3f109cbc4f5114c3598c18e6639faf2f7eb69f5f67b56d18ebb9ede7359bdb5f0f79c33495c18a98e91b452b15871ccee76f788d37625855a0120a5efb3513a4d363836ae63272cf6b74fbfabb3c4cbf56bf2e6f271f1b7a07d3708000000000000000000000000000000000000002252478bc99fe6b7fdd3fcbe04cf32fb111c432d750b178f949ab3d72c4b5a894e9922526a6d2ce9500034b89f09c1a9888cf8a2fb7e1b75adebf4b43d2992d4fb659b522ddb8797c158a37f879b2447a4d6b79fdfa3de3cbb7cc3ca70c3467c2b1f86675b7afe8ac62c359f699b5bfd9e9ff00267e350cce174387f87ad8ff00c9c78749eb937ff17a998f6b5a22b4fb44bcef9f7dcfb7fe4375c7aeb876f87f0dc5a78b7c3acf35e77c992f69be4c93eb6b4f59fe1cd7bcdbb7a569156e32d8820120022411b02544208d9444aa00026600884164501208044c28c59b045e262d11313d262637dcda3979bc3d867f0f3e38ebd31e4b523afb44ecd45a60d294f0ce9ff3d6f9368dbfa992f7e9fbafbdbf29a8753069a98eb15a522b11da22368456541308ab44a08b5e0e868e7cdbb136db715345926b92b3bedf344ff77a61b7ade259cb5dd661ed6b2fd03e324000000000000000000000000000000000000004483c0ebebc99b257d2f3de1f0f2d757987d6c56dd214ae4f7794c3d59299b6f348da4c436316a7d65b8bb3346de3cf12dee258d4c335653d4da59d2ec4542822800088000002a0090011b2890576036544024004c422a404002411208dd446e00828422a2d29b1a99f2b133b6eb0d499934d6d970f78fa913a984b752f718bf0c7d23f87e8ebd43e24f72baa0000000000000000000000000000000000000003c57897172ea2de5168898fd9f27ca8d6497d2f1e774872eb32e77bafbb3a211cfb4f44d2b2d33070dbc3aaf76a2da666bb6ee2d46fb3d22625e73130cd124d4f618986b6229b02364014010041456d28ac193554ada2b6bd22d6ed59b444cfd21a8accf29b66ad934bb580405101a42a12080585101552888941132a237405810a8b6c822456a6a32f94313cb510d49b2c42ccab3210cb8bba68df0f6ba1b6f8a93fe987dfc53ba43e3e48d5a619de8c0000000000000000000000000000000000000003ccf8bf07f979223d6b33fc3e7f9b5e62cecf16ddc3ce55c2ec4ee1b5661156aae85eb649836cf4c9b1036316a263cfcda89d33356d535113e6d45b6ccc699ab78926bb4895a18d35b1954480022a01133b28f35e25f13d74dfd3c51f1334f6ac758afd7dfd9ed8f14dfbe9e77be9e035d39ef9a232dad6cf7e5e9bef35dfb57dbbbb6b158af11c39ed3332fa1d38863d169a9f1b24db929159ebcd69b6dd9c5349b5b87445a2219b82f8930eae66b4e7adeb11335bc46fb7ac4c4a5f14d7b2b78b74ee44bc9e84821555464dd401204c8245374041008d944c2a262009349b6b67cbb79b133cb710d199de574a895d26d04c1b64c70ccb50f65c3277c38ffed7dcf1ff00c557c8cdf7cb69ecf3000000000000000000000000000000000000000727c49879b04cfe998b39bcaaef1ff4f7f1e75778e7cad3e8130ba15e534a8db605eb222f02ed6845daf5bec9a19f16a3622526bb6d63d4b716626acf5c9126a24e976661624d9954202ab166c7cd131bcc6f131bc4ed3f69079dc1e1bc5a79c996b5b65c9d6d5e79899dfd2267cfddeb39266222588ac44f0f1987866b326a2f6ae3bd32734ccded11115dfddd7196914d6de1e96f6dabc4f49c978c14bdb3ea2f31196dd6622dfa637f3f72b3fedf05a3fd5eebc2fc0eba5c71d37c9688e7b7fb7d9cb9324de5ed5afac3d043ca5b845af11de485473413c1b0436048200dc1302c13281b9a440a981130a895d0d7cd9766665a8868dedba4435b55bd33b4022019692923d7707ff269f7fe5f5fc6ff001c3e667fbe5bae879000000000000000000000000000000000000000306bb0f3e3bd7d6b3fbb192bed5986a93ab44be7f68ebb7a4ecf8dad70fa91298945360d9c80b6c0904481b7a0bb4c4a6976b56fb21db3e3cf3ea46c986d63d53716626ad9a64895d44b3b985f6626ad6c65500acd4563c986263eaa8e370ef0d62c39af9a26d6b5bb7375e5dfbecdcde663529158deddc8aecc296b6c6872f8ce93167a45735b68acf344c5f9369fab55dc4f093af9787e23c467439a2ba3d4db2563ada936f8958f6975d29378faa1e17b4567e97bde11aff8f871e59acd79e9169acf4d9cb6aea661ed13b886f73431a52645444a89400004515120b42a6d833e4da1999f858ab4af3bc910d28d333285d26d1683444aa350bd67b312b0f5fc12dbe1afb6f12fafe2ff008a1f33c8ff0024b7dd2f100000000000000000000000000000000000000001e078c60f879f257bc6fbc7dfabe466afade61f4b14fb5225ad0f27a3247baa27645d93006c6846c2826d5d8d29b248b6fd996935c8a33e3ce93b34dbc7a9f558bfe599afe1b15cd12b1a967986482634b124b32a89840d9444c03ce789786ea7375d3ea6d4da36f8713c913ff94378ef159e619b577d4bc57f81b52f35e216d4d2bbf4bc4cdeaebf789fb74f2f498fb9e9f85f85f4735ae5aef9abde26d6de27ecf1b64bf532d452b1cc430f893c4b1a788c1a49a73c7cb6b7e5c7b79447ab58b1ef9b337beb887230578a453e3464cd3bf5e59bef3b7bd65e936c5bd6922b7d6f6ea70cf1aed3c9acc73598e937ac748fad7fe18b60dc6eb2b1935c4bd860cf5c958bd2d16ada378989de25cb68d4ea5ed13b658455aa099454086ea9bd0a9b532e4d9267e1621a792db910d31cb6cec349b44aa2b322a928ac95625b87abf0ff00f93ff94bea787fe37cef27ef74dd6e700000000000000000000000000000000000000001e4fc5f836bd326dd2d5e5dfde1f3fccaf31676f8b6e261c1adbddc6ea965acab2b901d545a1040a890565144151608454c5c1922ece959699bdc4d436b0eabca5a8b33356dd32c4b5a896795d26abb18514566a6c60cba6ada36b56263d263782061b696b4c734c71148e5988e5e9b6fe8bb47ccf55c3b368f3465cb8b9ab5c9cdd7e6adfaf799f576d3256f1ae9e16a4d67d9eb345e29d35eb337b7c298fcb93bcfd36794e2b7c35178793e319e75faaac69f1f4fc31d36b4c6fd6d6f47bd23f8abb979db792da87d0f80f0ff00f0fa7c78b7de6b1d67de6779dbf7715aded3b74c46a34e96cc29082c2a2561264d95863cb7dbea9b6a21ab7bee4434c7bbd2218994acc22250564154557ea92d15b7562cdc470f67c163fa14e9df79feefb1e2c6b143e5e79ffe92de743c4000000000000000000000000000000000000000073f8e687e3e19ac7e289e6afd63c9e39f1fbd34f5c57f4b6de0e693599ada2626276989eef97ad712fa3bdf4c98e5995d326ea9a5b7540131204a0a4a284a2374691208846913f55486489665a5ab64d0cd8b34a691b58f52d45e6199ac36699a25b89df6ccc6997726a9b366661a8911559a9126983369eb68dad1131e931baec70359e0fd3e499988b526677f96636ddb8cb6af52ccd6b3dc37b83f00c3a589f875ded3f8af6eb69f6fa336bcdbb22b15e9d6e565a401b8020ba457264d92674b5869defba4434c52f4866530d329041a14990526c932b10a5eccb5ad3370bd25f3e48a57b475b5bca23d5ac78a724ea132658a472f77871c56b158ed58888fb3ed56351a7ca99dced75400000000000000000000000000000000000000000073f89709c79ff1472dfcaf1dfefeaf2c986b7ede98f2da9d3ca712e0f9704efb73d3f5562768fac383278f6a7eddb8f3d6dfa68d6dd1e2f65a2445b7113b8250566515133fdc213306955dd056d26951bff615316455b995369ad894db245d9d2b2d32fb836716a9a8b4b1356d63cf12d6e259d4b2c4ee9355894b1a6b68945365424149054120442b32c792fb24ce96236d4c9799f3486fa51e910c4c822376a1099545664d9a639b0d296b312d41a6c36cd78c78e37999eb3e91e72b4c7379d425ef158dcbdcf0cd0534f48a53bf7b5bced3eafaf8b1c638d43e664c9379dcb71e8c00000000000000000000000000000000000000000000022601c7e25e1fc7977b53fa77f68f967eb0e7c9e3d6dd70f6a67b55e5f59c3b36199e7a4f2c7e68eb5fddc57c56af6ecae5adba6b73bcdb5a2c09e64d08dcd08dd1a227d00b2089036346d108d42771089f4513b842dba2ed6ad9998565a65967436b0eabddbf698626bb6dd7510bb86752cb1689346d69346d59342b268da117606d4c993686665621a59726e910d31eedc3329896994ae9112d6857742149518ad28aae2c36c968a6389b5a7b447fb9159b4ea166d158dcbdb704e171a7c7b749c96eb7b7fb47b3ea62c518e3f6f9b9724de5d27b3cc000000000000000000000000000000000000000000000000056f489898988989ef131bc12387c43c378efbdb14fc3b77dbbd67fe1cd7f1a27ae1ef4cf31c4f2f35aed0e5c13b65acc4795a3ad67eee3be2b57b7557256dd35b99e6f43980dd16089454ee29baa1ba06e827c81200a911311e708bb225176b45bec9a565a65941b38753b79b51698666bb6cd352bef12c7ab346486e5132c8a4a2b1df2ecc4ce9aac34f264dd21ad698e1b8494eca89699375456654577062bdd158769bcc56b136b4ced111de4e66751dacea2372f69c0384fc0af35fae4b475ff004c7a43e960c3e91cf6f9f9b2fbcf1d3aee87880000000000000000000000000000000000000000000000000000029931c5a36b444c7a4c6f0931becdeba70789f86697f9b04c63b77e59fc13ff000f0c9e3c4f4f7a6798ede635da0cb8276cb4988f2b446f49fbb8ef8a6bdbaab96b6e9ad177969eb1298b2685b745822454a226241312a112098400580ac81ba2ad128a9dcd1b648c88acb8f3ff00eca6d261b18f52d44cb3354df37b936221ad92ec69b55a8494c43510c4caca9b40889685014b5b64958860b5a66796b1bccced11b75994e6785e21eb7c3bc1be0c7c5c911f12d1dbf447fcbe960c1e9f54f6e1cd9bdb88e9dd7539c000000000000000000000000000000000000000000000000000000000056f8e2d131688989ef131bc24c7e48e1c0e23e16c57ded866715bd3bd267e9e4f0be089e9ed4cf31dbcdf10e0f9f075bd37afeba7cd1f7f4725f05abcbaa99ab6e1a31678e9ed12b44a2ad129a36903705a241789411120b488a8d27741301b4c86c89176b44a685e928abc49a6768215786a1994ab24cb5a446e9a1599518ad64996a218325fcbbf5e89b957a7f0e7049a6d9b347cfde959fcb13e73eefa3e3e0f5faaddb8b3e6f6fa6af48eb7280000000000000000000000000000000000000000000000000000000000000022601c6e25e1cc3977b523e15fd6bf867eb0f1be0ad9eb5cd6abcb710e0b9f07e2af353f5d3798fbfa38f260b55d54cd5973e25cef75a2454efb82c9a16804ee09890374120989342641108a98156aa0cd0d6f86132c362b32b4350cca25a452645639b8b10c596e8af45e1ae0dff5f357af7c759f2ff54c3bbc7c1afaece2cf9b7f4c3d3bb5ca00000000000000000000000000000000000000000000000000000000000000000002263d41c5e25e1bc3977b53fa579f3a47cb33ef0f1be0ad9eb4cd6abcbf11e0f9b4fd6d5e6a7eba758fbc7938ef82d575d3356cd089786a5eb1309dd14dd9696895da6978b0425040112aabc2208a98905e892acd556652caed2d43332348acaa31de51a861c97f24577fc3bc179b973e68e9de949f3ff54bbbc7f1ff00dace4cf9bfd6af5310ee71a40000000000000000000000000000000000000000000000000000000000000000000000044c038dc4bc398736f6ac7c2bfad3b4cfbc3c6f86b67ad335aaf2dc4782e7c1d6d5e6afeba44cc7dfd1c79305aaebc79a25cd8b39f4f7daf1741317342dcc8262c291605b7ffddc122c2d1282f494919eb2b0c4ac90d1bab328996b48a5e434c17c9b26da88767c3fc12724c66cd1b53bd6b3f9bde7d9d9e3f8fedf559cb9b3ebe9abd7446cfa0e24800000000000000000000000000000000000000000000000000000000000000000000000000022637ee0e4712f0ee0cdbcc57e1dfbf35236fde1e37c35b3d6996d5793e27c073e09df967263f2b5237fde3c9c77f1ed5e9d54cf12e6459e1ad3de2d0b4599d2ad5915689417804a2ad120c98e5255b1458627b5a6521559969956d60d35f2dcd8ecf87f827c5db2e689e4dfe5afea98f39f675f8fe3ee7dace6cd9f5f4d5ebe236ecfa2e248000000000000000000000000000000000000000000000000000000000000000000000000000000000395c478060cfbccd392ff00ae9d277f78ed2f2be2ad9e95cb6abca711f0ee7c3bcc47c5a47e6a475dbdeae3c9e3cc730eac79e27b7222ce6d4ba76bd65342fb82fba2ad1605eb28bb6c52561895ad2ccac31daed0c393203abc03834e79f8996263144f48edcf3bff000eaf1f07b732e7cf9bd7887b2a5622222236888da23d9f49c0b000000000000000000000000000000000000000000000000000000000000000000000000000000000000000e6712e05833c4ef48a5e7f3d2222dbfbfabcaf8ab66eb92d5795e23e1acf87ad3fab4f5aefcd1f58725fc698e9d74f2227b71b7da7698dbda5cd31ae25d113b5f998697ad8192b606c52dd04985edd99d10d5bdf65575b80f069cf31932f4c513d23f5fb7d1d78304da776e9cd9b37af11dbd9d2915888ac444474888e910fa311a704aca00000000000000000000000000000000000000000000000000000000000000000000000000000000000000000039fc438360cfd6f8e39bf5d7e5b7ff6f3be3adbb6eb92d5e9e5f88f85f2e3f9b0cfc5ac79446d78fb79b8f278d31cd797553c889e25c29de2796d13168ef131d63ece59acc76e98b44f4b4599d2b3e3bfba12be5b92437781f07b6a6dcd7deb8627acfeaf6874e0c1379dcf4f0cd9a291a8edee70e2ad2b15ac6d5ac6d111da21f4e2222350e099df6baa00000000000000000000000000000000000000000000000000000000000000000000000000000000000000000000000d3d6f0cc39bfcdc55b4faedb5bf762d4adbb86ab798ea5e7f55e0ef3c19a63d2b92378dbd37873dbc589ea5ef5f267e5a73e18d4c4ed1f0e63d79b6dffb3c67c5b7c3d7fe4d5d0e1be199de2da9b46d1f92b3beff00597a53c4e77662fe4f1aabd363a456222b11111d2223a3b22223a724ced65000000000000000000000000000000000000000000000000000000000000000000000000000000000000000000000000000000000000000000000000000000000000000000000000000000000000000000000000000000000000000000000000000000000000000000000000000000000000000000000000000000000000000000000000000000000000000000000000000000000000000000000000000000000000000000000000000000000000000000000000000000000000000000000000000000000000000000000000000000000000000000000000000000000000000000000000000000000000000000000000000000000000000000000000000000000000000000000000000000000000000000000000000000000000000000000000000000000000000000000000000000000000000000000000000000000000000000000000000000000000000000000000000000000000000000000000000000000000000000000000000000000000000000000000000000000000000000000000000000000000000000000000000000000000000000000000000000000000000000000000000000000000000000000000000000000000000000000000000000000000000000000000000000000000000000000000000000000000000000000000000000000000000000000000000000000000000000000000000000000000000000000000000000000000000000000000000000000000000000000000000000000000000000000000000000000000000000000000000000000000000000000000000000000000000000000000000000000000000000000000000000000000000000000000000000000000000000000000000000000000000000000000000000000000000000000000000000000000000000000000000000000000000000000000000000000000000000000000000000000000000000000000000000000000000000000000000000000000000000000000000000000000000000000000000000000000000000000000000000000000000000000000000000000000000000000000000000000000000000000000000000000000000000000000000000000000000000000000000000000000000000000000000000000000000000000000000000000000000000000000000000000000000000000000000000000000000000000000000000000000000000000000000000000000000000000000000000000000000000000000000000000000000000000007fffd9);
INSERT INTO `producto` (`ID`, `Nom`, `Can`, `Pre`, `Des`, `Img`) VALUES
(10, 'Plastilina', 5, 10.05, '', 0xffd8ffe000104a46494600010100000100010000ffdb00840009060710101210101010101010100f0f0f0f10100f0f0f100f0f1511161615111515181d2820181a251b151521312125292b2e2e2e171f3338332d37282d2e2b010a0a0a0e0d0e1a10101b2d26201d2b2d2d2d2d2d2d2d2d2d2d2d2d2d2d2d2d2d2d2d2d2d2d2d2d2d2d2d2d2d2d2d2d2d2d2d2d2d2d2d2d2d2d2d2d2d2d2d2d37ffc0001108019202fa03012200021101031101ffc4001c0001000203010101000000000000000000000304010205060708ffc400391000020201020502040404050501010000000102031104210512314151066113227181073252912342a1c162b1d1e1f014335382f17292ffc4001b01010003010101010000000000000000000001020304050607ffc400281101000202020202030100020301000000000102031104210531124122325113617115339106ffda000c03010002110311003f00fb880000000000000000000000000000000000000000000000000000000000000000000000000000000000000600186f04775d820e76cacca62369ddc8d55fec43861a1b5b50b51b1337289246d6bdc6d130b4648a1726488b2ac800000000000000000000000000000000000000000000000000000000000000000000000000000000000000000000000000000000000000000000000000000000000000000000000000000000000000000000000d5986c36791f587aad69ff8553e6b5f57fa362f8f1ce49d55966cd5c55f9d9eae77c63b3925f568cc2d4fa34fe8d33e216f13b66f9a53727eed8a78b5f0798d925f46ceeffc75b5ede57fe671ccfeafb05da95ccf7f6ee842d47caeaf525cbf33e6fbee76787fa9e2f09bc3f0ce6c9c2cb48dfb7761f258324eb6fa0c646e70349c5d4b196752ad4c5f73966261dfefb5a6860d2362374c8186842c6ba7ec6e61a24491bd77d89532ab46ab3d89da3e2ba64ad0bfc93c649f41b44c3600128000000000000000000000000000000000000000000000000000000000000000000000000000000000000000000000000000000000000000000000000000000000000000000000030c0060d672482244cc3963abc1e4fd43eb3ae86eba71658babed13c3f10e3fa8b9fcf6cb1fa53c2fd8da9866cf3793e531629f8c772fb07fd557fae3ff00f4892334fa3cfd0f85fc697ea97eecb9a4e317d4d3859258ed978349e34c38ebe6ebbd5aafaa7a8f8a2d2e9ecb5bc34b11f793e88f885fab95927393cca4f2f7f27a2e3bc6acd6d71aed78e57958db2fcb3ca5fa3b2196be647670e231477edcfcce5d393688acaca99b731ce8defbec4f0b8f422f12f3ed8e5720cd8af1b0979f25b4ca62617b4dc46c8746daf7677f43ea44b0a4da6793c9bc7073e4e363bfd3b30790cb87d4be95a1e3b19633fd0ede9f5d197467c7aabe71fcb26bee74b45ea0b61f9b7fb9e765f1d68eeaf678fe6293d5fdbeb70b3249cc788e19ea784b19787e0f45a5e2519630ce0bd2d4f70f5e9969923759757230430b93255228d1948d30488344c208ded75dc9a1627dcaee2692449adaf045385ad7ba2785e9fb31b574981aa66421900120000000000000000000000000000000000000000000000000000000000000000000000000000000000000000000000000000000000000000000000000619930c006cc364775aa2b3278296bc563e533d111bf49321c91c8d4f147d22b1ee73a7aa937f9a5fb9e2f27cf71f14eabdba69c5bda3b7a6523c4fe21fa91d0969ea78b2cfccfbc6274aad64e3d24fe8d9c0f557a7e1ae6ad52f8772db3d9af0cd38de77064f7130e7e6f0f34e398c6f04adcf57df2fdcdf9c8389709d5695ff120dc7f5c7744156a9793dec3ccae48fc65f199b89931cead1dba1199be4ab1b1337e63b22f0e49aca74cce48d4cdf98bc33d690dda584faac3f28a1768671de3ba3aa6726917986b4cd6ab871b5aea5885d92f5da584faadfc942ee1f38ef1dd1b573ff5d117a5d3f39b291ce56b5b3d993d769d15bc4a2712ec644916558d86ea65d8cd52c64d3ca3a7a2e316430b3b1ca4cdb2677c75bc6a5ae2cf7c53bacbdc70cf52ae9267a4d271684bb9f25e66bb96b4bc4ac83d9bc7d4f37278efbabdac1e67eb243ec556a53ee58533e6bc37d4cf652cfbf53d4e838d425dff00a9e75f0de93dc3d9c3c8c79637597a25233829d3aa8bee595331db765c4d25124e63289423539226af509f5d8d560d6449a5a5233929a58e8c9237f9276ae9601ac669f43644a1900000000000000000000000000000000000000000000000000000000000000000000000000000000000000000000000000000000000000003064d5b1b0c8c9cee23c629a7f34b32fd2b7670acf58efb55b7d7739727330e39d5a5be3e2e5c91bac3d6c99e735faee79613d96453ea8aac8c96f0972bc67a670796d3eada6f99f76787e6f93f3c75ae39ea5dbc4e25b73378d69dfc99c1528bf289d48f8d9898975cd5b9935c994c45a61130c5915258924d774d67279ee2fe8dd3dd9957fc19f6c7e57f63d1984ceee373b2e19dd65cf9b8b8f2d75687cb389f00d5e95e6507387ea82cede4a556a7b77f0fa9f62e6fd9f55d51c4e2be96d36a32f97e1cff005436dfdcfa7e1fff00a18f591f3bcbf0313de3978185a9f7248ccb5c57d23aad3e655ff1a0bc6d24be9dce3c352d3c4938bf0d60fa5e3f3b1e58fc65f39c8e0e4c53dc3a3cc6532bc2ef724533beb9225c36acc26364c8548dd32db526258b74f19f55f739d770e947783cfb1d4c84cbc5e625a532daae1a9ca3b4b6fa93c2dc9d3b698cfaacff009942ee18d3cc1fd99bd3337ae4a5fdf52de13375339bcf28bf9935f627aefc9d15c9129b62fe2fa9a60af09a6491917e984d52c6c68b5a5d6ca1d194d02b6a56ded7a64b5277597a7d07a92516936dfb9ea341c7e32fe6dfea7cc9325aae947a33872f0296eebd3d5e3f97bd7abbec14eba2fb96ebb73dcf95e83d4138633be0f55c2fd4909632d7dd9e665e35f1fb7b98399872c753dbd96c6394a1a7d7465dcb919a39dd7a49835e5331964ce4211e0923735d770cc7292693c2d4fb9be4a6e26616b5ee4ed1f15b32431bd77254c9559060c8000000000000000000000000000000000000000000000000000000000000000000000000000000000000000003064c00c8c8356c0db23256b35f547ace3fb98af5d5cb6538fee88dadf0b7bd2ce4e17a9f8cfc08f2c7fee496dbf4476dc91f30f516bbe2ea2c6ded17cabec70791cf38b1fe3ee5d9c0e3ff00ae5efd42bd96b937293cb7d5bff235c914646e99f2f6dccee5f4915d46a1b60da12c1aa1829304c6d728bf94bb46ad1c88c8de3231bf1a2fdc33b637a085c89548e1577b5dcbb4ead3ea7064e3daae6b63fe3a39364cad0b93258c8e798986531a4832632045a615986c9ffc651e25c134fa84d595acbfe68ac32e8c9d587957c76dd65964c54c91ab46de0b8afa2eea939512f891fd2ff323cf4a7283e59c5c5aecd60fafa7ee55e21c2e8bd356d71967f992c497dcfa4e179fb535191e0f33c15326e71f53fc7cbe37649a333b7c4fd153865e9a6e4baf24bafd99e6ae53a64e3742506bf52c2fdcfa7e2f92c59bd4be6795e37360fdaab8a46ea45385c9f7268cbdcf4eb937e9e6da9a594cc11291ba65e254d6999c13d9a4ca1770deae0f1ec7411945e257ae5b57edc39a9c369224aef3af249ecd268a77f0f8bfcbb7f91b532cc378cd5b7b691b49233285944e1d56579466bd41d35cb12b4e2df70e8c646c55aee448a65f712ca6b309f0661638f46d1146649913113ed5899acf4ebe8b8ecabc65b3d4f0cf5346585cdf5c9e03063a747867165e152fe9e971fcb64c7d5bb87d8f4bc4632ee5e85899f20d0f19b2b6b2db4bdcf55c2fd4c9a5978fa9e5e5e25f1cf6f7b8fe430e58ee752f73191b2391a5e27092ea8bf5dd9e8733bbdf70b061c4c4646ea4046e022dae8cdc72a069b4750bbec4ea592a491aacae8fec4ed1a5dc82bc2f7fcc4d1b13e8c6d1a6e0c266494000000000000000000000000000000000000000000000000000000000000000000000000060cb3000641a81b035735e57ee632069a9d4460b327fee798d7f17958da4da8f84737d45c679ed704fe58edd7b94a9bd3c195aff004f638fc19ad62f68f6bf259f733ff3dc8a1612e532ade623d696e9e23645639b29ac6e78fe23c3ed8ca535f3a94a5278eab73d2a8989239f3e08cd1ab2f82d18a7758f6f215df8d9ecfc32c46c476b57c3616672b0fca391a8e136d7bc1f325fb9e467e05ebebd3d0a66a5ff00e1b291b265185ed6cd61f87b13c2cc9e7da9313a95fe32b06798d23233933d4a8dd4c9233214cce4b6f71da2616a17345da759e4e4a90737d8e7cbc7ada3f15271ede86bbd3268ccf3d55ed772f53adf27064e3daae7b61d3ad905685f9268cce798d319ae926064c6415dcaba6d920d6692ab972db08cd786898237c5c8b527712a5b1c5a3530f1dc57d0e9fcfa69b4ff0044ba7d11e5b55a7bb4ef96e84a3ef8d99f5a6f0696d519ae5b231945f696e8fa0e1f9ec98e756ede2f2fc262cbdd7a7ca237af24f1964f57c57d135599969e5f0a7d795fe47ec791d770bd4e95e2cade3f54378b5efe0fabe2f96c5963dbe6795e27361fae92a992731cfab529a2cc247ad5cb13e9e4df1cc7b4ea46c43191ba91ac6a5969be0ab7e8632ed87ec584cd8989d26b7b57d38f6e9270f74691bfb3dbea76d90dfa68cfaadfc9ac64986f5e444feca55d84ca655b74338ef179488e3738ecce9a668969348b7759746333745285e89a361aee194d2613998c9ac11c666dcc35bf6a46e2770e86978b5906b0f63d2f0ef53630a4cf16164e5cbc3a5ddfc7f239717fcbeb7a2e3119aea8ea57a94fa1f1ed2ebecafa33bfc3fd4ad614935f73cccbc2bd27aedeef1fcae1c9d5ba97d2232373ce68b8d465dceb53ab525d51c73131d4bd3acc5a370bc8c608e1337c907d8e268e3e3624c809621735d77278da990389ab812ae97320a8ad92f72685cbb8da3498184c12864000000000000000000000000000000000000000000000000000000001860000000c8c9478b6b55154ec7d22bfa84d6b369d47da1e2fc62bd3adde64fa45753c86bbd417d9f965c8bc2ff5399acd6fc493b26f2deff45ec557a98be8735f2cedf43c6e04523768dcad7fd65d9cfc59e7ff00d33a5a5f515f18f2b9736d8cbea8e267c08bc19fca5d56e3d2dee1435ba4b399d91973e64db4faee694711945e249afaf63a8a5923be884d624b25752e9acc446a63a58d36bd3ffe9d0ab5099e5aed0595fcd5be65e3abfb1b69389b5b4b29f87d8bc5f4adf8f5b46eaf611bbee6ca79391a5d6a65faad5d8bc4c4b86f8ad5959c18311b326d1274cb48355a2aecfcd159f38dce36ab82ce1bd72e65e3b9e8b068e5f530c9c7a64f70d699ef4792764a0f125864d5dc7a4be8858be78a7ef8dce46ab8277aa5ff00ab3cbcde3ed5eeaeba72296f6af199b26539f3c1e2716bdfb325aaf5ec79b6c7689ee1afc7f8b06d9238cf26d93398d2bdc36c99e6350562227da13d57b45da759e4e62919e732bf1eb68e99da912efd7a84cb1199e76bb9a2ed5adf27164e35a185f17f1d74cd9329d5a94cb1199c96acc319acc24c8c98c8222d31e94d36426949624949787ba308c9bd33cd6770acd77ede778b7a3b4f6e655ff0a7e63f95fd51e4389f01d569b2e51e78769c77dbdd1f5132df66b3db0f747b7c4f359b17b9dbcae4f89c19beb52f8ed5a9f3b3ee9ec5a85993de716f4b69b51f328fc39fea8ec8f1fc4fd31aad3e5c57c58798a6dafd8faae2799c597dce9f33ccf0b9b17711b841191ba673abd46f87b3f0f665a85a8f6a99ab68ea5e25f0cd7daca6086332453378b329ab721bb4f19755f744b904a22df1f4e55fa194778ee88558d6cd619db34b34f192c346b5c935745791f5673abbc994cd6fe1ed6f07f6655e6947f32c1d34cd0d3e35b47e2e8291bc64518dc4d1b0d6262595b1e9794f2489a29466491993ae95eebe9729d6d95fe596de19d9e1fea369a52f97dd3ca679bce4ce0e7c9c6a5fdba70f372e29ea5f4ae1dea08cb6e64ff63b9a7d7c6583e375d928bcc5b4fea75b43ea2b61b4b7479d97c7da27f17b5c7f314b7593a7d6236a66ea4789e1bea48cb1be3d9b3bfa4e291977382f8ed4f70f5f1e6c7923f1976b20ad5de9f7265328d752d9a3570364cc84234dae9fb134351e7635663949350b319266c52517ee6f1bdaebb8dab30b408e16a7dc90940000000000000000000000000000000000000000000000c3000c36697db1827293492596df447ce7d4beb394dbae8972c16dccbf34be9ec44ce97a639b4f4f61c63d4ba6d37e79e64bf96386ff00d8f21adfc4b96ff0b4e9af337d4f0f6d8e6db6dbdf3bbdf3f52292329bcbaeb82b11dbdf683f12a4de2ea125e612e9fb963d69ea1a351c3ee95562538c54b925b4b667cda5936786b966b29edf6226d331a698f1d6978b7f256b877148db0597f32dbea598d879bbf86ca1f3d2f6ee89349c4b1f2cf2a473da261f4d832d3247bedea2bb4995b939346a53ee5a85846d79c72bdcc6d16558d9ee495d88b6d95abf4b11b3ea47a8d242d5becfc98e6c9b261111af4e65ba6ba9dd7cf15e3aa2de838b766fede0b919e08357a1aecddae59795b0ff00a5a2d5b7567569d6a7dcb755c7909536d7bc7e78af1d705bd2f17ecf6f6262ff00d61938db8dd5eae3336491c9d3eb62cb90d464d62625c96c7355c4b21c0d2bb0954f24ea18f7086cad4962493f6c1ccd4f058bdeb972bf1d8ebe3dcd5e4cb261a5e3f28695cb6afa9795bf4f654fe78b6bf5215ea133d4b79d9ef9ec50d5708ae7bc7e49795d0f33378dfbc6eaa726b3fb396a66e990ea3416d5be39e3faa3b915779e5e4c36a7ed0e8ac45bf595d4648216122918fa56634d9b3299846723dfb469242c6bb9729d776673f21331c982b6526b12efd5a94cb11b0f395d8d7465ba75de4e1cbc598f4c2d8bf8eda919c94e9d4a6588d8bc9cb6a4c30b5661299344cdb257730a699520a5b7f66613326f5cd3f72acd61cce2be9fa352bf8915197f2ce292923c6712f496a28cbaff008d0ff0fe65f53e8cd9b459ec70fcae5c3d44f4f3f95e370e78ee3b7c795ad3c4961aea9a69a2685a99f4be27c1b4fa8ffb95ace3f325892f7c9e3f8a7a32eaf32a24ad8f5e56f135ec7d4f0fcde2c9a8b4f6f97e5f84cb8fba46e1c98cc914ce7d939d6f967194649f744f5df93ddc79eb68ea5e1df8f6acf6b7cc6c8aea46fce7445a2584d7499c76349c53d9a5832a6649444cc295dc393de2f0539c270ea8ec86b2695c930d6b9e7edc7aef2685a59b7430974d994add24e1baf997b1bd73ff005bc4d2cb51b096333990b9ad9ec588dc6f1789676c4bb190c95e16122996653549d3a6df42ee8f8a595b5be522929a30d14be3adbdc35c79b262fd65ec387fa99746da67a6d17198cff9bfaa3e4d8658d36b675bca6cf3b378e89eeaf6b8fe62d1d647d9aad545962333e61c3fd4d258533d56878e46493c9e764c17c7ee1ece1e5e1cd1f8cbd4266c8e751ad52e8cb51b4c76e84c639429194c0d390da3635ee6c6a04b1b912a2a33116d7725130ba0af1bfc932922556c0c190000000000000000000000000000000c106a7551ad664f046c4e619c4d471a7fc91dbcb218717b3bf2e3e8369d395f88fc539211a53e5e7de4fdbc1f319416f8ff003ec7b0fc44d0d9abe5b6a52f895ac7267099f3ab3576d7f2dd0945fbaee52cecc36f8c69d4525e4d2567dce6c758992d7a94d99cba1732cda29b22524fa1b2640939b04775309fe65f7ee46f26d06c9d6d35b4d6770af2d2590deb9392f0fafd0de8e24d3519a69fb96e3946d3a633c292fb949c7fc7a387c8dabd5fb858a354a5be532cc6c3816e8acaf32adf347f4f836d37117d25b35e4ca6b30f569971e58fc65e861613c6c39356a62fa32cc2c222536c7a7460f265e7a156b9932b0b6d84d53c1e0d751a4aedfcd1dff52786622d1b296e4ab3d7a73ecd15d5ef5bf891f7da46fa6e2d86a32cc5f87b60e8f39a5f45762c4e29f87d185be713fb42e69f8827dcbd55e796b7864e1bd53e65fa1be8668e27283e59a717eeb62d16d32be08b7757b185b9374d1c2d3711523a15ea3dcd22d0e4be19aaef2261c0d6a99be49d3096bf55929eab86d56758e1f95b3ff72e499af315be3ade35684d6d35f52f3da8e156d7bc5f3c7e9be0a91bb0f0f67e19eb7255d668abb16f1dfca3cdcfe36b6ef1fb7663e56bab3890b49148d753c2ac86f1f9978eacaaaec75ca7e19e4e5e3de9ee1d31ab7712bc99945785a8963339e634acc4a44651a2339263fe51a4b1935d19669d5b5d4a48db2677c35b4293589766ad52f259859ee79e8cda2c55aa68f3efc59fa616c4eec646c99cfa7569966169cb6c731ed85aba58c8c1a291b2653d292ce4d91ae4c9a5324c234abade1d4de9c6eae32f7c6ebee791e27e879c732d35995d7924f0feccf708de313d5e2793cd87aacb8793e3f067fda3b7c7f511b68972db0945e7badbf724aee523eaba9d2d76a71b20a69f5e6e8796e25e8883cbd3cf925fa5fe53ea387e7b1df517ea5f37cbf0178dce37994cde3222d6f0ed4699e2dade3f52dd3f721aaf4cfa1c3caa648dd65f3d9b8b931cead0be9992b299bc667545b6e69a4c2606b1b0db98b29e90dba68cbaadfc942dd0ca3bc5e7d8ea82d16986b5cd6ab87f11a7869a26aee3a76531975450bf87b4fe47f637ae6feb78bd2fff000da3612ab0e7be68f54d1bc2f378c9124e2dfa5f53c99c64a91b49a1617d339a4c26e525ab51286395e08948d889ac4fb522f6acee1dcd07a8651c73fee8f4fc3bd40a58c3c9f3cc08cdc7f2bc338b2f0a97f5edeaf1bcb65c7d5bb87d834bc462fba2f42e4fb9f25d1f1eb218e6f991e9386fa894b187f6679b9389929ea3a7b9c7f238b375bedeed48ca91c4d27158cb1bfee74aad427dce6f5eddf1dfa5ac0688e3337c906d87130b2ba1b99c008dfe4963627fee40e263909da2616cc9594daf7248dbf608d25060ca2500000000003050e2bc5e9d3479eeb2305eef77f4405f30da3e59c7bf1425bc74b5e3fc73ebf548f19aef546befcf36a24bda2da2743f42a92f28ce4fce5a2d76ae32525abba2ff00fdbc1f48f4cfada6a2a1a97f11ac7ccbf37dfc8d0f75c4b5d1a965f57d11e72dd44a6f9a5d7fc8f37c63d511b3512dda82c72a92c60b9a5e231925b9496911d3b061a2bd77a64ca640cc91475fc2e9b972d95c65f54b3fb9d0425124dcc3e71c6bd0125996967e5fc39ff6678dd4d76d32e4bab9424baa69fef93eed8c14f88f0ca751171b60a4bce167f72b30d2b925f1cd36a579c1d0a6c4fb9d4e3be81b2bcd9a6973afd0faafa1e5253b2a972d89c1aeaa4b1fd4acd5bd323b8de0459cfa75a9a2cd56e48d3589dade59356d22b291ba781b4adc08753a684faafbad9fee6d1b7236267b4d2d34fd5cdb347657bc1f32f1dcdb4fc431b3ca7efd8bfcd834b688d9f9a3bf95b331b63897a587c8da3abfa4d5ea93effd4b55df9470ace1f6c3783caf1dcc53c41c7e59ae56653598f4f529971658ea5e8ebbb04df18e351ac4fb96e1711133f69b628752334cd8a10b4b11b8bc4b0b52616d48cdb5c26b138a6bc90c66654fb13b67a98f4a3a8e1128e654cfff00593dbec694f10b2bdac8b8a4f19ea8ea7318946124e328e50ffa69193eac9b47c4e32eff00d4e857a84fb9e6353c1f97e6a67caff43e8435f12b2a7cb626bdf1b168b4ab6c14bf757b7aec44ada679dd17168c92dd1d6a7529f72f168970e4c16afb85be51289a46dc922996633b622995b53a1aadfcd1dff52d8b8a41c71b95b522d1a922f359e9e6f55c16c86f07cebc7728fc471da49a7e1a3d72641a8d24269a925bf7ee79f9bc7d2ddd5d98f953eace0557122919d57069472eb795e1f52973ca2f134e2cf232f1b2639f4e8898b7a5f4cc95a1712f39cd304d652a33934523644efa55bc5e09aad5b5d4aa6534657c55b42b358975e9d527dcb75dd93cfa6fb162ad53470e4e34fd30b62fe3bd191b1cda7588b70b53392d8e6185a930b067269169995223b8652db94ca31179366cda93a56618b2b8c972c92945f54d268f35c57d194db9954fe0cbaff87f6ec7a73393d2e3f37262eeb2e6cdc6c79635787cb75fc1355a6cf356e71fd50dd35e4a30d427ff003a1f60c676787f6387c57d2fa6bf2f97e1cdff003436dcfa3e2f9cf5191f3fcbf01def0cbc1c66bb1be4bfc4bd2ba9a32e1fc582eebaa38df19a789269f86b07d0e0e6e2c91b8b3e6f91c1cb8a75685d52364caf0b73d0df275c5e1c33558182152378ccd7712acc16413586b251bb87a7f97667410e526274bd325abea5c4b2b943aa15ea0ecb8a7b14efd145f4f95fb1b5734c3a2b9ab6ea5142e2c42650b34d643a6e97710bce8ae5895ad8e27d3a3cc67254569242c35896334984e9198b6b7e8fd88d586ea411b985fd2f14b2bc6edaf077b87fa95777cbf53c98c1cd97898f27b87660f239b17df4fa8e8f8d465dd3fb9d6a75b19773e3da7d54e1f964feecec683d4524d29ecbca3cdcbc0b57f57b7c7f2d8efd5ba97d4e16a64aa478fd1f1e8edf326bb6f967774baf8cb18670da96afed0f5a97adfd4baa6c910d73c9322ab3183064c01241f6244415cb7c132255964004a00001c5f55f1c8e8a895b2de4fe5ae3faa7e0f88f1dd66a2e94adba7cce59c2ce631f648f61f8bfac6eea29fe5856ec6bb65c8f057eaf3b32f11d0e6bbd67e6fdc916a31d1ec56d52c9532c943b10be3dd9663727ba78f75b1c05693557909dbd14354ded3c4d766deffb96e8ba71de12dbaf2bea79c5aa45caf579584ffa913098b3d6e878f630a794fdcf43a2e2719e30cf9dd7ab8e129eff004d9ff427a2c9c1e6b9663e33868a4d5787d46ab93268ccf09c3bd42d7cb2d9fb9e8f47c4e32c61903b4a46394af5dd9278480389cbe2fc0f4faa8e2d826ff525868eb98711a36f9571bf425f4e67a77f162b7717f992fee796f8d2adb8cd38c93e925ca7df250391c5f8069f529ab6b4dbe925b497dcae9ac647c9aad6172bd4a65fe37e83beae69e9e5f160b7e57f9923cbce53adf2ce2e12f0f28acc4b78c90f450b0914b270a9d5fb97eabc8d3489dba092374cab1b491584274b11b303530858b138a7efdcafcf924e70b45a63d4a959c3251deb97d9ff006215abb2b78945afaa3ab19199b8c9624b3f5dca4d625e860f217af5645a5d7465dffa97eabb271eee1716f35be57e3b15f9edabf326d7932b5352f4b1f271668f7a7a88586f1b0e169b89a6742ab93ee4359c6eac65933929d73278d85a2585aab3cc6ce3192c4926bc3dc8232378cb04b3f5e94afe0b1cf3532707d797f95b228ea6ea1e2c8fdd743aca665e25d77fa85a32cfab31a2e2f196373a35ea93ee70753c2e32de0f965f7c1564eea7f32e65e5168b4ab38296ee1ec2179346e3cb6978aa78cbfb1d5a3589f72f1772e4e3cd7b7623b8e52bd57132996734d74c34457e9a3358714fec598a35e52b35892b698f52e0eab8335bd6ff00f5673652941e269a67aee57dc86fa2366d289c39bc7d2feba75e3e54c75679d85a896332c5fc0daffb72fb48a96e96daf7945fdb73c7c9c3c94fa74c5e96f49948d934548dde4963339e6344d53a46dfb90a99229089fec2add12c2e68850c89a52dee159ac3a14eb5aea5daf5299c337859838f2f0beeac6d8e25e86161ba91c4ab56f62ed5a9c9c56c56afb73db1e97d337532b46d46ea46516b56549aace4ca20c9bc667563e447db39aca4c1cee25c128d42f9eb59fd4924d1d14cc33bf167b5277596393157246ad0f9ff0013f46dd5e6544be247c3da5f4381294ab6e3645c1aed24d1f60c7dca9aee1f55eb16414bedf37efd4f6f8be6af4eaef0f97e0b1dfbc7d3e5b0b93f6254cf43c53d10d665a79f5df925dbd91e6755a5ba87cb64251c77ea8fa1e3790c793d4be6b93e37360fda13c6c245329c6e4f04c99e856f12f3ad44f835669191ba922f12cf4ca21bb4b197558f72605b698bcc4f4e6dba194775ba20f88d6cf63b0476d5196cd2fa9ad72cc37ae6df56508d84b19915ba07fc8fecc879e51fccb0745736daeab68fc5d08ccde332942f4c954cde26258db1cad60c608a322fd708fd5e04ab1596da1d3ef96dc52dfea76b47c4270798f45dbd8e4c5bc6193d6ce4cd8ab78ede971b2db14c7c65f44e01c455abe9dbb9dec9e0bd2fa9e5b127d1f7f73de47a1e1e4a7c2d30fa9c397fd69166c6003368417cc5844105b93a2615990004a00001f24fc5fd3357d53ed2a5afd99f39b227ddbf10f82ffd569db8acceaccd796bba3e213af1d76c7545e073ac864af640e9ca09904a8264731a309e0bb3a482750434e725ae6d74640e38309e081d0af52bbf52d576f74da397092cac96613413b74a3767afd9f72f69b5b3afa36d7dce246c2785d82263698b3daf0df50a7b49e1fdcf49a4e23192ea7cb15a9ffa97f47c4a70e8f99149ae96dedf55aafc93c6c3c3f0cf50a7b3787e0f47a5d7c64ba90975b21a45785c9932989070395c5b8069f529ab609bed2e5f9bf73b098c1044be55c6fd056d59969dfc48eef95bc35f4f27969fc4a9f2d91945ad9a69a3ef6e27338a705a350b16d6a59ef8dd0986919261f1fab559ee5aaf5076f8cfa02c8667a69732ebc92edf46793d4d56d32c5b0941af2b67f429356f191dc8d848a671f4facf25eaee4c8f8b5ada25732672578cc979885924244f0b3cacaf72a731b7383d7a2fe1b5cf78fc92f28a36d3753bfe65d9a793a75d849cf92b358975e1e664c7ee770a1a5e2bd9ecfdf63a94eb13ee51d468a13eab0fcad8a16e9acab78bca339a69e9e3e663cbd4f52f510b4b11b0f2da5e2b8694b63ad5ead4bb956f38e27d3a9f10913473e369357613b65345be63752c9514c96b912adabf6c59a284bb61f95b146ca6da9e63f347ea756322651c8847fa4c7b73b47c5b7c3d9fb9d9d3eb13c1cdbf4509f5587e56c547a4b6bde0f9978ee4ee516a63bfa7abaed268c93ee797d2f15c6d2cc5f83ad46b13ee69167264c135758c4a0bc10d56226e72ee698d4a3717d43595bff5251ca44ffd26274e56af85c2796972cbdb638fa8d0db5ef8e68f947a9517b9abf07265e163c9f5a74539368ea7b79385cc9e36e4ebeb785427bf4979471b53a0b2be89c97947919b817c7dc770eca65a5fd2652375228576f9d8b1099c5313099aad26648613258c898b7f54986c8de33c1a205a6b5b7b85662166bd4b45caf548e5a6662ce5c9c28b7eaca6912ef42ec92f31c285cd16ead51e764e35ab3db2b627593d846456aef4c91329f2b44f4c26ba594ccb204cdd4cdabc88fb526ad991dd4c2c5cb38a92f75937c9948e8c79a627749d296a44c6a636f35c4bd194d9bd4fe14bc754796e25c0f55a77bc1ce1faa1ba3e9f81f5595e3b1ec71fcb66c5fb76f2b93e1b066ee2352f904754ba3d993a9a7d0fa1f11f4f69afcb956a327de3b1e6788fa2ec8665a7b39e2bf965d7e993dfe379ac77eacf9de5782cb8bf2af70e27319532b6a3e252f16c2517d375b3fa33785d167b38f3d6f1b87897c16a4fe50b29a30d1a46449166f1312c66352d59aca29ac359faf62cc74f9dfb187044ea4f97c5cabb41de0f7f05453945f2c961fb9de51c15389d6a716df55d1a35ada6ae9c59be53f1b34d3ae63a9a782c659cae1bd1fd117e323b6376852d3f1be973936ce0deb782b46c78c2268329312eac77dcbd1fa6e0a76c13fba3e8715b23e75e90cbb9b49cb963978ec7d06a93696c787ccffd9a7d2f8f9de186f2310964db94de303921db2cd6890c2464b2a000900001ab8e727cfbd55f8791b5caed2b519cb2dc1f46fd8fa198c0d8fcddc4b87db449c2dae55c97958cfd194dec7e8ee2bc228d545c2eae335e5af997d1f63e65ea6fc35b6a6ecd237643ff001b7f3a5e1792d13fd1f39b6392275972ea65097259194249e1c66b0d1a38fb7dcb21ce9d2c8e549d2751059501cf71689232269c08d5580821696236a653940d7240e8a993d771cd85d8ea4f1b084c4ba91bf3fea5fd1f129d7d1b68e0c25ee4d5dd8e84697897bce19ea04f09bdcf45a6d729773e551d427ecfca3a3a2e29656fae515d4a76fa957692c6678de19ea18cb66ff73d0e9b5aa5dc81d44c34411b53258cc0c4a073f88f0aaaf58b211927e56ffb9d44f265c084edf32e35e816b32d34be907fd99e475345da79725b0941af2b6fdcfbbce19296bb87d76c5c6c829c7c492634d23269f1ba7599c17216a67a4e35f87f179969a5c8faf23de3f45b9e3759a3d46964d5d5ca3db992cc5fdcae9bd723a7cc6d93974eb135d4b75dc9f4644c35adb70b0a44f0915a2c9132be96594ccf5ea47933920437e8e32eabfb14a5a59d7bc5e5783ab10e226b12e8c3cac98e7a973e8e2728b4a49afa9d6d36b632ee54b74f197e659ff328d9a19c3e6adfd999cd1ea62e7d2fd5e1e9236649a123cde9789ca3b4d3475b4fae8cbb95f4ead45a370eac265885873216fb9342c26258db1ba91c7b1ab5e0a8ad2685be4319a4c16e9e32eabee537a49c37ade575c17f989618248bcc7b73f4bc59c5f2cf29fb9d7a75aa5dca37e9a13eabefdca53d1ce1bd6db5e325a25334a5de9aabc9e333ca51c5251789e53f73afa6d7278dcb459cb7e3cd5d85230964ab5dfee4f5d992db734d74d9d668e049cc6db0d22274e56b386573ed87d9a391a9e1f656f64e4bcf747aa70d8d25139737131e4fad3a71f22d58d3c842efb3f72c5769d8d570c859d561f95b1c9d4f0cb2bde39947fa9e467f1f7c7dd7b876532d6e96361b291cf8ddd9e57d76268da70f70b5a9a5d46c882bb0923335acb2d254651aa664d6622d1dab29236b45ba3565133167265e145bbaf4a4d225d9aef4c95338909b5dcb156afc9e5e5e2da9ee195b17f1d54cde322a537a64ca59308acd7d319ae93a91b10266ca65eb9e7ed4984830614c38b66d178b46d543aad342c5cb642325ee91e67897a2ab966544be1cbaf2b794cf5b08127223af8fcbcf8e775b3973f130e68d5a1f24d6682fd3bc5b1697eaecc934934e4b39c1f52bf4f09c5c271528bea9a3c371ee00f4f3e78e7e149ecbf47b1f5be2fcb7fb4c5327b7c9794f11fe159c98fd42aea2ccec961782037b3afec687d3c46ba7cd5e66658641aa5b32764765529e231fcd26a31fab7b133e938e266d1a55d0d72598e1f42ec122797a6388d12e69d329aeee0f9b62171dda96612cf49269af63ab0e5acc7b7666c192b3b98235e19671b752b24d74dfe9be4ecf09e05a8d4b5f23856f1cd292c6ddf05b25eb5ee656c34b5ba88edea3f0ef432519dd2fe7c28fd11ed3054e1ba38d15c2b82c28a48b87819aff003bcd9f5bc7c7fe78e2ac60ca064cdb000000000000000030306401c4e3fe98d2eb162dad73769a589267cb7d49e83d56954a55a77d49b7b6f24bdd1f6cc18712763f32b5d53587dd3d998e53ee9ea2f44697569be5f856b5ff0072092dfdd1f31f507a2757a4ccb97e354ba4e09bdbdd17891e4e75a239565992df7ebfdfc199224739d6472a91d19432453a48439ee1e4d799a2e4ab237564690d6171342d2ad90c2348c9a234974e32c7d09a9bdfd0e6435182d5762644a579dcfaad9fb793a3c3f8d5906b2de0e12cf924532349dbe8bc338f29632cef69f5aa5dd7ee7c8abb9c774dafb9d6d171b9c319e856616dc3ea70b73dc9e16793c670ef5046584da3d069f5ca5d1903add472e4ad0b89e16641a6b65455d5e8ebb22e338a926b1868bf930eb4c8d2625e0b8afa0289b72a64ea7fa56f13c8714f4feab4bbc973c7b38eff00b9f659477f2457e9a32d9a4fec34bc5e61f11d3eb7b3d997e17a3d67a8fd130bb33a5aae79ce31f2cbedd8f0bafd06a74adab61249749acb4cacc37ae4752369b7c4391a7d6a7d7fccb8afcf72ba6d5b6d7e3623319a297c436e7234b2f291ba2942c2c42442ba6d65119fe65929d9c3e71deb6f6edfd8ba8de12627b7462e45e93b8950a3884e0f1258dfb9d6a35b1977dc82eaa335892c9cfb34328ef07b7865268f53173a993ab752f4909e7ba25e76798a388ca2f124d1d6a35ea5dca7a756a2dfabad0b09e1339b099342c262595b1ba30793751453aae2c46d2cc26b2cdda48cd624b2bc9ccb787ce1bd6db59e8ceb7c430da7ec134bdaae6e9f884a2f134e38f275b4daf4fb956e8465b359fb142cd04e3bd72cff0085f6113a5a6b4bbd3c2df7268cfdcf274711945e269a7efd0eae9f8827dcb459cd7e3e9db8c8ca29d77e7b93d76e4bfb734d2612381a4a3d726ea46c87fd237a73b55c3e166cd6fe575391a9e1564378fccbfaa3d3ca0472f739b37131e4fa6f8f937af4f25f11aeb9458aed3b9a9d0c2c5f3457d7ba3937f089c7783e65e0f2f2f8fb53baf6ebae7a5fdb31b0963347379a51789269fb93c2d4724c5ab3dad355f4c60af5d84aac46b16653549930613324ceadee156d19b5d193d7ab6ba95587938b2f0a96f44d625d7ab549f72c46699c05326af54d773cfbf12f59ee36cad8bf8ee4513d3138d5eb9756753476f345bf2c8c78a22deb4e6cb4985930641d335ed8b088b594a9c270693cc5e33d992b6325f15ffcef168fa6796917acd67ee1f31bd624d65ac3c60d3ee743d47a770ba7f2b49bcad9e1fd0aba5e1d75af15d7297db63f4ac3962d8e2dfd87e679f8f7ae59aebed065f83d37a23843bae56cd7f0ea7959fe69f627e11e87be7895f255c7bc56f2c783dfe83430a211aeb588c57dff0072b9b346b50f4fc778dc9fe9193246a21617d8ad7f0ca6cde75424fde28b691938a2663d3e926b13ed46be17447f2d505ffaa2dc2097448dc133333ed114ac7a86306c60c90b8000000000000000000000000000306ae09ecd269f637300794f50fa1749aacc9455567ea86c9bf748f987a83d1dabd265b8bb2b5bfc482cedee8fbd1ace09a69aca7b61ee89891f99706248fb67a8ff000fb4baacceb5f02debcd05f2b7ee8f9a71df486af47bceb7387fe482cc71ef8e85e2479a9c08dd7b16b1fb79ec6928ff00f7b1229cab4436545ee435957908731c0de996196a55117fd3ee46849cc6f09e0d5c30692440b0e591f13ebf42ba9934671605985ad746d1d7d171c9d784f75e4e0b46ca6caeb6b44be85c37d451784d9e834daf8cba33e4309b5d0ea6878c595e37c91f15b6facd5a844fcfe0f0fc37d40a58cb3d169388465dd7ee40ecc702504fa15e17a64d199034b2b2aeab450b172ca2a4bba9245f4cc4a04693b780e35e83aa79747f0e5bb7dd33c6714e0fa9d2bf9e2dc57494567f73edeeb2a6a74709ac4a29a7d5359226178c9a7c4aad6265aaed4cf61c77d055cf32a1fc3975c7f2b6786e23c2f53a5962c84b1fa926e2469b5326d6e332c5561c7af5992ed56a6469b56d12e9c2d37e639f0b0923615985fa5e52375229c6d278cf2423529a54c25b349952ce1ee3bd72fb1661325521a86d8f917c73b873a9d7ce1b4f28ebe9b5d197722b2a8c96e93285bc3dc7783c7b159aff001e9e1e756fd5de8a124cdd3c1e62ad6ce1b4d347574bc422f1bff52b3d3abe35b775975e16e09959939f0b533656608db39c6bed9ac5e082179346c4c29f198666a33589453f7c7f728dbc3dadea974fe565ee5f012608bda142be233ada534d7db63ada7e209f7209c1496249329dba0c3cd726bdbb1689d16ad2f1dbd1d7a8cf726561e4e1aeb2b789a7f5ec7534dc493ee8b45dcf7e34fb8f4efc66671928517e7b972361772dab35965c0d70c914b2646949956bf4b09ac4927ee72353c2251deb79ff0009df944d794c7260adfdc36c79af4f4f26e528bc4934c9a171dfba88cd61c4e56ab83b5bd6feccf3b2f06d5eeaebae7adfa9451b4de36949b941e249a27a9a6715a9686b35fe2dbdcc63ee8c4112c563a8d4b26bc8655684b21933108ed86d2e875f834db4d1c8e53a3c1af8ae68f7ce0c33475db2cd1babb4983191191c733aea5c036623072925d9894b3d377e11d5e1ba4c7cd25bf837e2f1a791922b1ebee5964c9148598e9a3849c53c79489634c574497d1246d8363ed6b1f1ac57f8f2e6237bd309190649480000000000000000000000000000000000000000000000030cd270cac3595dd3dd3240078cf517e1f69b5399d4be05af3bc7f2b7ee8f9971ef4a6af46dfc4839433b4e09b585e4fbf9a5b5a926a49493db0d2689f948fcca8c48fb47a8ff000ef4fa8cce9fe058f7dbf237ee8f9971ef4c6ab46dfc5adb876b2397165e24709c7a9af2a25483ad92217123944b3ca6b28844a94a2698c171c0d250234868ae3684f268eb3549a2349da752df0490b1aec535760963664276bf4ddf67e51d5d1f129c31be5793cf731246e6ba32263698b3e83a0e3ab6c9e8349c4232e8d1f2aab57e76f73a3a3e29383ca7945352b3ea75dc4d0b4f13c3bd45196137bfd4efe9388465dffa909d3b9930e254aeecf72c427906989d254d4e92134d4a2a49f67b9d0c8e5446889d3e7fc6bd054d999d3fc29f5dbf2b6788e27c1355a57f3c1b8feb82cafb9f759568aba8d229269a524d61a78c0d2f17d3e1746afc972ab933de71af43d16e655ff0e7bef1e8fec787e29e9dd4e95e5c5ce39fcd15dbc95d35ae4ed263c3368cce653abc6d97fe45caed8cbea469bc5f6bb1b89a361cf52378d856616dba11b4961667b14a12268cb041a5a9454b6693faa28ddc3b1bd6f0cb95c8df989d6da533de9ea5cb86aecadfceb6f63a147128c8dac8a7d8a1a8d0aeb1f95fb149a3d1c5cf89eaeec577264f0b0f32a7655d775e517b4bc453293130f42b34c91bacbd0c2d64b1b51c9af519ee4d1b48da96c52e8b499aacadb05785c4f5db92594d661bf2a6b0d2655b3872eb07cafc16d2008b4c2855a9b6a7f32f95773ada5e28a5dc87aecd6de082cd0c5ef1f95f944ee61168adbdbbf56a325885993caa95b5f5f997945dd3f144f665e2ee6bf1ff008f42992239d4ea132dc2c45f7b72da9354aea34947d89ab64aa25a619fc9cebf44a7d567fb1c7d67069c3e6af75d794f52d9832bf1e97ebeda63e45a8f21a7bda7cad34fb9759d0e27a28bfe225f347abf28e79e4e7c338eda764648bc6e030cc98673cc258c1daf4f70b8dbcf2dd494baf638d14dbc2eade11ef381e8be15514ff33de5fe86fc4c119727e5ea21c5cecdfe78f51ee502e1d3e8f0cde1c29f7697b1d6464ed8f13c789de9e3ce7baa51a28c3a2dfc9692320efc58a98e3558d32b5a6dec3260c9aa000000000000000000000000000000000000000000000000000000000000022b6a8cd72ca2a517d5349a2500784f50fe1be9aecd9a7fe059e16f5bfb1f35e35e9dd568dff16b7cbfae29b81fa1486fa2134e338a945f54d6513f291f9aa5bee8d127d0fb07a8bf0de9bb36699fc1b1ff002ff2499f34e35c0753a4938dd5b5e26bf2bf74cbc4ec72248d5c49b9726ae24a25138ac11b893b4452410a5757dc8799a2ece256954468491b49a32452945a3319b44112b8e6d7b93577345385e4fcc9a0b6dd0af529f5caf747474bc4ac8630f28f3d18b25aee71ee566216f93e81c37d429ecd9e8b4bc4a32eff00e47c9ead52efb3f28e8e938959069a7cc8acc69689dbeab0bb24f1b8f0bc37d469ed2783d169789465d190876d48d9946bbd3278d804d282656bf4c9f64d3eab09ff00993c666d90989790e33e8dd3df99463f0e7faa1b6ff43c3f14f4a6ab4cdb8af891fd4bae3e88fb2ca09904ea434b45e5f0e86a5ada49a6b67958248dc8fa8718f4b69f509e60a32ed28eccf0dc5fd1ba8a332ab364176fe648acc36a6551aec6588b671d5d2836a49c5e77e6d99774fab2ba6d1774613659e629c2d4c973e08d2fd2ca63040a7837f888806bae5156ed0c5eeb317e516f39f0131ed7a64b52775973736d7d5392f28b5a6e249f72c3656bf4709f6e5979452d47a587c8fd5e1d2af5299729b0f2d6576d7d1f322d68f8b2e92fea67a987a15bd3247e32f4eee48da16a3955eaa32e8588c82b38b4e9a6670ca15dccb30d416db1b5253c66696e9612ed87e56c6d19a665e7014dcc2bc6bb2bfcaf9978ee8bba4e23da5b3f73483332a14b6c2fa96856d316f6ef69ac4fa16dc8e4f0cadc729bcf8f2749335abcecb5889e921935c84f25998e29ac3ee702d8e2528becdfd3077db3a7c2f86c3e1e67152727979473e7c1febad11c8ff18dcbc5366f55339e14612964f751e0ba74f3f0d67e85bae884768c52fa2396be3a77f94ab6f255d7e30f3bc13804a32565b8dba47c7b9ea1209193d1c586b8a35579d972db2ceecc800d590000000000000000000000000000000000000000000000000000000000000000000000000000041aad3c2c4e338c6717d54973227007cf3d45f86b55999e925f0a7bfc92de12f64fb1f37e2dc1353a5972df5b8ff8bac1fd19fa288357a4aed8b85908ce2d61c64b28b4590fcd4d7723713eb5ea2fc34ae799e925f0e5d7e1cb783f65e0f9b716e0fa8d349c2dae50f7c662fe8cb44ecd3953ac89c4bb281a381285271229d5e0bd3ac8655814a69985368b52ac86556484a4ab51e4994d3e8517068c465820dba06f5dd25dca90b89d49306d76bd467abc7ba3a3a5e21657bf3657b338691b2b1a2262168b3ddf0cf512784d9e8b4bc5233ee7c9e373fa7b97b49c4e70c7cd9226a9dbeb756a132c42e3e7dc3fd47d13783d1e8b8bc65dd144bd1299bf539b56ad3ee5baee40492ac8a559329990385c57d3d46a13564165f74b0cf11c5bd096d799512e78f5e57b4923ea528914a3fb0d2d16987c36d76d2f96c84a2d79458a35dee7d735fc229b962708cbdf078be2fe8069b969a4d77e56ff00c8acc36ae4712bd4a668ec79f6286af497e9de2c8496fd71b0ab569ecd9130dab91d5aee268dc99cb56aec4b1b4a4c34dc3a4a467073e37e0b15de3627e9fee417e9613dda59f2bb1614d335e51d4ad5bdab3f8ce9ce969ac86f07ccbc772c69b8b38ed34d7d4b52f6219d5197e6592b347a187c85a3abba146b632e8cb2a67065a3c6f0963d896b9d91ebb949a4bbabc8c57fbede8217e0bd4b7247034f3726964f4da3af96297715dab9b55ac4c37ae8f2588c7011223488714da59a1fcc8bfcc51875ea5b835d3392d561912c1e7a922446f645ad2e96563e985ddbf068e7b5a2bdcb5a2a7649452f193d2d35a8a4bc221d1e9235ac2ebdd9651688d3cecd97e73ff0ca3210258800000000000000000000000000000000000000000000000000000000000000000000000000000000000000000003055d7e82abe2e16c2338bed249fede0b6600f9a7a8ff000cd3e6b3472c3ebf0a7bafb33e77c4b86dba79385d5b84bdd3c3fb9fa3f055e23c3a9d441c2e846717fa9278fa782df21f9b65034703ea1ea1fc34c734f493f7f853cbfd99f3ce23c3eda24e17425092f29acfd09891cf7598702668c16152cac8a7a75d8bf8349d610e5db1c188cbdcbd6c0827591a410b49a3667041c8d1a3782342ea66d1914e17132b504ed6eab577dbdd1728d7ca1ba96c72d3449123e309897a8d1fa85f73d2f0be351977fea7cd216e3aad8bfa5bd2de2da7e191355f6facd3aa4f1b96a361f39d171b9c3099e8f41c6e32eacaa5ea633c9b347374fac8b2dab88424947268eb365336c814755a285ab138464bdd2678fe35e83ae79950dd727dbac59ef275e7d8d397034b45a61f11e27c2355a57fc483c6769a594414eaff00df3d8fb75ba78cd3528a69f5cac9e4b8dfa1a9b732aff852f114b97f62ba6d5c8f115cd3c12cf29ec41c4b846a74afe78b70fd496c57a35bbffa91a6d1936e9556f92f42cc9cdaac8beaf7ec598cf0574bc4ed7147637851936a3a13c560692d234a465d6891982c36d2423cf1c2ee7a58b3cdd335169bf27a2ab749f959339f6eec33ba2689226470129ff40bcba1c330ee841ace73b1e9d706a56711c67aee71fd27a6e6e6b71df11dbb7767a936a46a1e372f2cff00a6ab2a55f0caa3fcb9fa972104b64b08d817724dad3ee4c03202a00000000000000000000000000000000000000000000000000000000000000000000000000000000000000000000000000000000c60a5c5384d1a98f25d5c669f769657d1978c303e57ea1fc339c733d24b9d7fe39f55ec99e035bc3eca5f2d909424b67196cd7d1f73f49a450e2bc1b4fa98b8dd5467eed7ccbe8fa93161f9cb93fe75d8d5c4fa5f1efc359c333d24b9d75f853eabda2cf01afd0db4cb92d84ab97892c7f52fb81427021940b5930e29928d29cf2453878ea5e7511cea069cde563382dcab23954468451b49eabcaf283f0630c8d1b74558673dfb9ce85cd16a1727d426172ad5c975dd17e8d6aecf0fc1c8c208acc276f59a3e3538f5c9e9387f1d8cbb9f37af50d77d8b74ea7ba78644d56dbeb3a7d729772d42c3e63a1e37383c33d470ee3d19637457d0f59199b291cca3569f72e46c026943269281bc2648a39039fa9d24669a6934faa6b2786f517a2213ccf4ff0024fbc7a465f43e91f088acd3a7d7044c2d12f83ea699e9e5c96ae592ec5ce1f6a9bfab3ea5ea1f4c53ab838bc2961f2cff00993ff43e5da7e176e9353f0ae4d75e49769aecc86f8eff004f41547091ba66a67243a5be4c1809ff00cf2069a99622dbd8f47c3350a75c5af0b253e01c1d6b2d554d3f8697358e2f1b78c9ebb4fe8954a71aad963b29a4f0bc159accba31f270e38f8da7b71d59dbb9d1e17c1a76bcc938c73dfbaf63b7c23d355d2f9a4dd93eedf4fd8ee4609745b16ad3fae6e473a3d53ffa8f4ba78d71518ac25b244e8601abcb99999dc8306400000000000000000000000000000000000000000000000000000000000000000000000000000000000000000000000000000000000000000000018c1478a708d3ea62e375719a6bab5baf74cbe00f95fa83f0ca51ccf492e65bbf872feccf01afe1d653270b632ae59c6249afd8fd2452e25c2a8d4c5c2eae338bf29657d1f52d161f9c395aedf731cb93e9bc7ff0d24b9a7a49e57fe29ff667cfb88682ed3c9c2eae55bcff0032c27f47dcb44c0a12891caa2cb8ff00ce8698245494082551d09448e75846a1ce9d6614bb16e502295640d21660b10bbb15a55b3091042fc50940af09b2785812de1638fb9668d5b5d362b268d244693b7a8e1bc75c7667abe1dc6a32c6e7cbe36e3aff007258716957f97256613b7d9e8d427dcbd4bc9f24e09ead9f3627d3ef93e99c0758ac873a7958d884ba764f0da444326510318393ea1e170be196be7ad662fbfd0ec1acbfd7216acea5f32fecf0cc9e9b8afa675137f1a9ad4a13cb493c34fdff0063990f4ceba4f1f024b3ddb582b312eb8c959fb72d32ef0dd04f51350ae396df5ecbea7a4e15e82b5e1ea26a31fd31ddbfb9eeb8670bab4f1e5ae0a3e5f77f52d15feb3be78d74abe9de090d2d7cab793de52f2cebe002ce499999dc9806404060c80000000000000000000000000000000000000000000000000000000000000000000000000000000000000000000000000000000000000000000000000000030640031829f11e174ea22e36d719a7fa926d7d197401f30f50fe19fe69e925e5fc296f9f64cf9f711e1b769e4e37572849794f0fee7e8f2aebf87537c5c2dae338bf2bfb93161f9b9c7fe763591f51f507e18a799e92cc3ddfc29f47ec99f3ce25c2eed3c9c6eae55bf74f0fe8cbc4c0e5b34759665134e84a34aeeb3550f62d2886977212a9f0ccf2e09f90c30234326e911b20491967a987bf65fb1935406fcb18acec8fac7a16717a5834f39ea7c95a3e93f86376689c7f4cb056cb43d9246c818c944b261472d2f2ccb5fec75785691af9e4b7fe5f624dafe9aa518c63d9225c03234a318183209180640000000000000000000000000000000000000000000000000000000000000000000000000000000000000000000000000000000000000000000000000000000000000000000001806401868abaee1f55f170b6b8ce2fb4927fb16cc01f34f517e1945e67a49f2bebf0e59e5fa23e75c4f86dda79385d5ca0d6c9b5b3fa33f4814f88f0ba751170bab8cd63badd7d1968b0fcdaff006fa9868fa5fa93f0ce51ccf472e65d7e14bafd133e79add2d94cdc2d84ab9afe5926996dec5630d9be3a18993a1a49ec466d63311200d706f8040d727d07f0ca788dcbb6533e7db9f71f427a6235696b94d356d8b9a7e70fa15b262565bdba125554a58514dbfe876a1c2eb5d72fc6596ebaa31d9248ae8da868f8672fcd3ddf6f07492064936c190020000000000000000000000000000000000000000000000000000000000000000000000000000000000000000000000000000000000000000000000000000000000000000000000000000000000001806401867378c703d3eae2e37571978963e65f73a600f90fa8ff000deeab9a7a597c5875e47f9e3fea784bb4d3849c6707192ea9ac347e9768e471af4d69b569fc4ad296369c56249e0b45bfa3f3b5f0dcd11eefd53e80d4d199d2be356bc2f9d2f7478cb3496c7695538bf0e2cb7b10232917b43c1b5373c5745927d3f2b4bfa9ef7d2ff8676371b3592c4767f0a3d7e8c4e8717f0ffd233d5db1bac4e3a7ade72f6f892ce708fb7571c2492c24b091a6974d0aa2a108a8c62b092d913198c8000000000000000000000000000000000000000000000000000000000000000000000000000000000000000000000000000000000000000000000000000000000000000000000000000000000000000000000000000000006010346693d3c1f5841fd62980586791457ca92fa2489118040d80000000000000000000000000000000000000000000000000000000000000000000000000000000000000007fffd9);

-- --------------------------------------------------------

--
-- Estructura de tabla para la tabla `usuario`
--

CREATE TABLE `usuario` (
  `ID` int(7) NOT NULL,
  `Nom` varchar(50) COLLATE utf8_unicode_ci NOT NULL,
  `ApPa` varchar(20) COLLATE utf8_unicode_ci NOT NULL,
  `ApMa` varchar(20) COLLATE utf8_unicode_ci NOT NULL,
  `Tel` varchar(10) COLLATE utf8_unicode_ci NOT NULL,
  `Nickname` varchar(20) COLLATE utf8_unicode_ci NOT NULL,
  `Cont` varchar(20) COLLATE utf8_unicode_ci NOT NULL
) ENGINE=InnoDB DEFAULT CHARSET=utf8 COLLATE=utf8_unicode_ci COMMENT='Tabla de Usuario';

--
-- Volcado de datos para la tabla `usuario`
--

INSERT INTO `usuario` (`ID`, `Nom`, `ApPa`, `ApMa`, `Tel`, `Nickname`, `Cont`) VALUES
(1, 'Diseño', 'Equipo', '19', '', 'Admin', '123'),
(3, 'Samuel', 'Cuj', 'Alvarez', '8136178683', 'Admin02', 'contra12345'),
(4, 'Jose Rafael', 'Guerrero', 'Ulloa', '8113007926', 'Rafa', '12345'),
(10, 'Diego', 'Rodríguez', 'Chávez', '8123377708', 'Diego', '1'),
(11, 'Debanhi Astrid', 'Roque', 'Campos', '8120538565', 'Astrid', '041222');

--
-- Índices para tablas volcadas
--

--
-- Indices de la tabla `d_pedido`
--
ALTER TABLE `d_pedido`
  ADD PRIMARY KEY (`ID`),
  ADD KEY `ID_Folio` (`ID_Folio`),
  ADD KEY `ID_Pro` (`ID_Pro`);

--
-- Indices de la tabla `pedido`
--
ALTER TABLE `pedido`
  ADD PRIMARY KEY (`Folio`),
  ADD KEY `ID_Us` (`ID_Us`);

--
-- Indices de la tabla `producto`
--
ALTER TABLE `producto`
  ADD PRIMARY KEY (`ID`);

--
-- Indices de la tabla `usuario`
--
ALTER TABLE `usuario`
  ADD PRIMARY KEY (`ID`);

--
-- AUTO_INCREMENT de las tablas volcadas
--

--
-- AUTO_INCREMENT de la tabla `d_pedido`
--
ALTER TABLE `d_pedido`
  MODIFY `ID` int(7) NOT NULL AUTO_INCREMENT, AUTO_INCREMENT=40;

--
-- AUTO_INCREMENT de la tabla `pedido`
--
ALTER TABLE `pedido`
  MODIFY `Folio` int(7) NOT NULL AUTO_INCREMENT, AUTO_INCREMENT=25;

--
-- AUTO_INCREMENT de la tabla `producto`
--
ALTER TABLE `producto`
  MODIFY `ID` int(7) NOT NULL AUTO_INCREMENT, AUTO_INCREMENT=11;

--
-- AUTO_INCREMENT de la tabla `usuario`
--
ALTER TABLE `usuario`
  MODIFY `ID` int(7) NOT NULL AUTO_INCREMENT, AUTO_INCREMENT=13;

--
-- Restricciones para tablas volcadas
--

--
-- Filtros para la tabla `d_pedido`
--
ALTER TABLE `d_pedido`
  ADD CONSTRAINT `d_pedido_ibfk_1` FOREIGN KEY (`ID_Pro`) REFERENCES `producto` (`ID`) ON DELETE CASCADE ON UPDATE CASCADE,
  ADD CONSTRAINT `d_pedido_ibfk_2` FOREIGN KEY (`ID_Folio`) REFERENCES `pedido` (`Folio`) ON DELETE CASCADE ON UPDATE CASCADE;

--
-- Filtros para la tabla `pedido`
--
ALTER TABLE `pedido`
  ADD CONSTRAINT `pedido_ibfk_1` FOREIGN KEY (`ID_Us`) REFERENCES `usuario` (`ID`) ON DELETE CASCADE ON UPDATE CASCADE;
COMMIT;
