-- phpMyAdmin SQL Dump
-- version 5.1.3
-- https://www.phpmyadmin.net/
--
-- Servidor: 127.0.0.1
-- Tiempo de generación: 06-11-2022 a las 23:01:58
-- Versión del servidor: 10.4.24-MariaDB
-- Versión de PHP: 8.1.4

SET SQL_MODE = "NO_AUTO_VALUE_ON_ZERO";
START TRANSACTION;
SET time_zone = "+00:00";

--
-- Base de datos: `bdatos`
--

-- --------------------------------------------------------

--
-- Estructura de tabla para la tabla `d_pedido`
--

CREATE TABLE `d_pedido` (
  `ID` int(7) NOT NULL,
  `ID_Folio` int(7) NOT NULL,
  `ID_Pro` int(7) NOT NULL,
  `Cant` int(5) NOT NULL,
  `Precio` float NOT NULL
) ENGINE=InnoDB DEFAULT CHARSET=utf8mb4 COMMENT='Tabla de Detalle de Pedido';

--
-- Volcado de datos para la tabla `d_pedido`
--

INSERT INTO `d_pedido` (`ID`, `ID_Folio`, `ID_Pro`, `Cant`, `Precio`) VALUES
(1, 2, 1, 5, 30),
(2, 3, 1, 10, 30),
(3, 3, 2, 2, 2.75),
(4, 4, 1, 5, 30),
(5, 5, 1, 2, 30),
(6, 6, 1, 3, 30),
(7, 7, 1, 2, 30),
(8, 8, 1, 1, 30),
(9, 8, 2, 2, 2.75),
(10, 9, 1, 2, 30),
(11, 9, 2, 1, 2.75),
(12, 10, 1, 2, 30),
(13, 10, 2, 2, 2.75),
(14, 11, 1, 3, 30),
(15, 11, 2, 3, 2.75),
(16, 12, 1, 2, 30),
(17, 13, 1, 1, 30),
(18, 13, 2, 2, 2.75),
(19, 14, 1, 1, 30),
(20, 14, 2, 2, 2.75),
(21, 15, 1, 6, 30),
(22, 15, 2, 1, 2.75),
(23, 16, 1, 4, 30),
(24, 16, 2, 4, 2.75),
(25, 17, 2, 2, 2.75),
(26, 17, 1, 6, 30),
(27, 18, 1, 1, 30),
(28, 18, 2, 3, 2.75);

-- --------------------------------------------------------

--
-- Estructura de tabla para la tabla `pedido`
--

CREATE TABLE `pedido` (
  `Folio` int(7) NOT NULL,
  `ID_Us` int(5) NOT NULL,
  `cliente` varchar(20) COLLATE utf8_unicode_ci NOT NULL,
  `can` int(5) NOT NULL,
  `total` float NOT NULL,
  `cam` float NOT NULL,
  `Fecha` varchar(11) COLLATE utf8_unicode_ci NOT NULL
) ENGINE=InnoDB DEFAULT CHARSET=utf8 COLLATE=utf8_unicode_ci COMMENT='Tabla de Pedido';

--
-- Volcado de datos para la tabla `pedido`
--

INSERT INTO `pedido` (`Folio`, `ID_Us`, `cliente`, `can`, `total`, `cam`, `Fecha`) VALUES
(2, 10, 'Lau', 5, 150, 50, '2022-11-06'),
(3, 10, 'Diego', 12, 305.5, 194.5, '2022-11-06'),
(4, 10, 'A', 5, 150, 50, '2022-11-06'),
(5, 10, 'Prueba3', 2, 60, 10, '2022-11-06'),
(6, 10, 'Diegooo', 3, 90, 10, '2022-11-06'),
(7, 10, 'AB', 2, 60, 10, '2022-11-06'),
(8, 10, 'abnegativo', 3, 35.5, 14.5, '2022-11-06'),
(9, 10, 'Apositivo', 3, 62.75, 7.25, '2022-11-06'),
(10, 10, 'anegativo', 4, 65.5, 4.5, '2022-11-06'),
(11, 10, 'bprositivo', 6, 98.25, 1.75, '2022-11-06'),
(12, 10, 'pruebacan', 2, 60, 10, '2022-11-06'),
(13, 10, 'Al', 3, 35.5, 4.5, '2022-11-06'),
(14, 10, 'alitas', 3, 35.5, 14.5, '2022-11-06'),
(15, 10, 'pl', 7, 182.75, 317.25, '2022-11-06'),
(16, 10, 'wero', 8, 131, 69, '2022-11-06'),
(17, 10, 'bolo', 8, 158.25, 41.75, '2022-11-06'),
(18, 10, 'Julio', 4, 38.25, 11.75, '2022-11-06');

-- --------------------------------------------------------

--
-- Estructura de tabla para la tabla `producto`
--

CREATE TABLE `producto` (
  `ID` int(7) NOT NULL,
  `Nom` varchar(50) COLLATE utf8_unicode_ci NOT NULL,
  `Can` int(5) NOT NULL,
  `Pre` float NOT NULL,
  `Des` text COLLATE utf8_unicode_ci NOT NULL,
  `Img` blob NOT NULL
) ENGINE=InnoDB DEFAULT CHARSET=utf8 COLLATE=utf8_unicode_ci COMMENT='Tabla de Producto';

--
-- Volcado de datos para la tabla `producto`
--

INSERT INTO `producto` (`ID`, `Nom`, `Can`, `Pre`, `Des`, `Img`) VALUES
(1, 'Lapiz', 88, 30, 'De madera, naranja', 0xffd8ffe000104a46494600010100000100010000ffdb008400060606060706070808070a0b0a0b0a0f0e0c0c0e0f1610111011101622151915151915221e241e1c1e241e362a26262a363e3432343e4c44444c5f5a5f7c7ca701060606060706070808070a0b0a0b0a0f0e0c0c0e0f1610111011101622151915151915221e241e1c1e241e362a26262a363e3432343e4c44444c5f5a5f7c7ca7ffc200110804b004b003012200021101031101ffc400310001000301010100000000000000000000000102030405060101000301010000000000000000000000000203040501ffda000c03010002100310000002faa00000000000000000000000000000000000000000000000000000000000000000000000000000000000000000000000000000000000000000000000000000000000000000000000000000000000000000000000000000000000000000000000000000000000000000000000000000000000000000000000000000000000000000000000000000000000000000000000000000000000000000000000000000000000000000000000000000000000000000000000000000000000000000000000000000000000000000000000000000000000000000000000000000000000000000000000000000000000000000000000000000000000000000000000000000000000000000000000000000000000000000000000000000000000000000000000000000000000000000000000000000000000000000000000000000000000000000000000000000000000000000000000000000000000000000000000000000000000000000000000000000000000000000000000000000000000000000000000000000000000000000000000000000000000000000000000000000000000000000000000000000000000000000000000000000000000000000061cd19fa0899400000000000000000000000000000000000000000000000000000000000000000000000000000000000000000000000000000000000018c7995db6c36ac364fb1e03d8fd0b2d6dc01e80000000000000000000000000000000000000000000000000000000000000000000000000000000000000000000000000000000633e7e7b10f428b7cccfd4f22fbabc9d1cbe6a7d6fc9fd6598ec2dc4000000000000000000000000000000000000000000000000000000000000000000000000000000000000000000000000000000cebf335dfece797a58ecacb9edae78a70c9772dbd1f4b54efb9af007be00000000000000000000000000000000000000000000000000000000000000000000000000000000000000000000000000000a5b86b9787e776573f72ff41e4f992afea78f974cf8f3ebafa108cf5c4f4b204fc000000000000000000000000000000000000000000000000000000000000000000000000000000000000000000000000000007343da7234c1a6f4eacaf8fcbe5ebf8d1ebc7a3e7fb3ed5ec75c5b471c2c88000000000000000000000000000000000000000000000000000000000000000000000000000000000000000000000000000039a3eb8ab6e76b9ebd70d14d79e7968b5c9d1e8d7678df4ebf4b305948000000000000000000000000000000000000000000000000000000000000000000000000000000000000000000000000000032f15f3d9f336af38536f56be7cce319d7be319f46bb74b285f5800000000000000000000000000000000000000000000000000000000000000000000000000000000000000000000000000002be2be6db1e76c8bce39ee422a9b15eff006fec67d7d1e785f48000000000000000000000000000000000000000000000000000000000000000000000000000000000000000000000000000023c3cd9e7c1ad6467bb3885364e168b7d9f569e8f471068cc0000000000000000000000000000000000000000000000000000000000000000000000000000000000000000000000000000011c13cb874865d19ed6e49ba78f5c127a55f5366691a7280000000000000000000000000000000000000000000000000000000000000000000000000000000000000000000000000000038adc38f4117c5a631e9d2d8f2b2c6363bebebeca264d38c3d00000000000000000000000000000000000000000000000000000000000000000000000000000000000000000000000000000e6b79d96e562fcfd9138a4ecc69c96c63b2bec5f0b5cd7883d00000000000000000000000000000000000000000000000000000000000000000000000000000000000000000000000000000ca7cdcf6c66d39bb184ed2f70861558e8afb1d0a2db1b3007a0000000000000000000000000000000000000000000000000000000000000000000000000000000000000000000000000000149f329b23269ccdac6369a913ca946b1eb5f0b751bb007be00000000000000000000000000000000000000000000000000000000000000000000000000000000000000000000000000000879d54e305b97ba7074cd91cbefb168f52df2ddc6ee784bc0000000000000000000000000000000000000000000000000000000000000000000000000000000000000000000000000000070d72af2cc72f75b25fd9444e32511e84fdb7a713d0e704a200000000000000000000000000000000000000000000000000000000000000000000000000000000000000000000000000000e587b5e2472f7226e95297cac5291da95bd68b7439e13800000000000000000000000000000000000000000000000000000000000000000000000000000000000000000000000000000308fb5e05399b569c2bb35a6b8c94ca3aa72b7b11a7439e165600000000000000000000000000000000000000000000000000000000000000000000000000000000000000000000000000000cfc479b397336af395765779e7b7c9e66f1b67d9aefd0e785b5000000000000000000000000000000000000000000000000000000000000000000000000000000000000000000000000000002be23cd9c79db234ceb45d15b4553bf2b4d29f62bd7bf005d48000000000000000000000000000000000000000000000000000000000000000000000000000000000000000000000000000023c3cdb7360d4b45e9bb08e8c632ae12f2c9f5abdfd2c217e7000000000000000000000000000000000000000000000000000000000000000000000000000000000000000000000000000000704f261d3131be7bf3cb64bce5de39bd9c7a55f535e70d194000000000000000000000000000000000000000000000000000000000000000000000000000000000000000000000000000001c76e0c7a111d9934638c6b273ed7e2f7daf7d7d6d54cc9ab200000000000000000000000000000000000000000000000000000000000000000000000000000000000000000000000000000039e7cecb7291d3875616bf3d8ecc238bd3b2bec6884dcd5883d00000000000000000000000000000000000000000000000000000000000000000000000000000000000000000000000000000ca7cccf6b389e76dbdad8df5ed58e08cafac7b1a236d4d7843d00000000000000000000000000000000000000000000000000000000000000000000000000000000000000000000000000000a5bcca6cae4db9bb33e9e79b6396f4e4f275d6bec5f1b741b3087be00000000000000000000000000000000000000000000000000000000000000000000000000000000000000000000000000000870553af34db99b6714427d54e7b6884e31ea5de5fb0d78425e0000000000000000000000000000000000000000000000000000000000000000000000000000000000000000000000000000038e12af1cb97ba7356b9a27284d11e96daede89bf9e1288000000000000000000000000000000000000000000000000000000000000000000000000000000000000000000000000000039a3ec704d797ba6d4aa5b65b73cfccb377a76f513d0e784e000000000000000000000000000000000000000000000000000000000000000000000000000000000000000000000000000000c63ec79d39f336ba19c913ae3261847646eb7af17dfce0b2000000000000000000000000000000000000000000000000000000000000000000000000000000000000000000000000000000a788f3272e66d6b7c7c95aeadb1cf8e3a6174fb31aefc2165400000000000000000000000000000000000000000000000000000000000000000000000000000000000000000000000000000af87996e7e76c9df3a5765b6b73dd0d3cdd26174fb35e9dd882da4000000000000000000000000000000000000000000000000000000000000000000000000000000000000000000000000000011e1e74f360d6d2aa6deef2b5f46eaf87962217cfaf5edd98c2fa0000000000000000000000000000000000000000000000000000000000000000000000000000000000000000000000000000001c13c7834a56cfa235cb7bebe1ab3cfa27d5a7a5d0c61a3300000000000000000000000000000000000000000000000000000000000000000000000000000000000000000000000000000038adc38b40be4d336cf6d1553973ceabe7d1a7adb33c8d390000000000000000000000000000000000000000000000000000000000000000000000000000000000000000000000000000001cb6f3f25f158eac7a7288d2d8f472387df5dd4f66e82c6bc6000000000000000000000000000000000000000000000000000000000000000000000000000000000000000000000000000000c6fe6e7b6945f9bb74c72d67e7679bd1c33475d7d9d109d0d7843d00000000000000000000000000000000000000000000000000000000000000000000000000000000000000000000000000000acf9b4ceb8b4e66e6057343049bc7b1be8b6c6dc01e8000000000000000000000000000000000000000000000000000000000000000000000000000000000000000000000000000044f9f54ebcd36e5ed9c55858318c978f5f7d56ea3773c3df000000000000000000000000000000000000000000000000000000000000000000000000000000000000000000000000000001c55cabc89e5ee9cd5ae686719c1e9edaefdc6fe704bc0000000000000000000000000000000000000000000000000000000000000000000000000000000000000000000000000000072c3d8e1472f74d673aac19c67158f47642de9c4efe704e200000000000000000000000000000000000000000000000000000000000000000000000000000000000000000000000000000c23ec79eaf336a595360a57364edd7e4faf16e8f382700000000000000000000000000000000000000000000000000000000000000000000000000000000000000000000000000000067e23cd9cf99b569c28b456b9b0756a5bd88d3a3ce0b2b0000000000000000000000000000000000000000000000000000000000000000000000000000000000000000000000000000057c479ac79bb1a30a2e1154d836d09f6abbf4b9e16d4000000000000000000000000000000000000000000000000000000000000000000000000000000000000000000000000000008f11e74f373f5b4639af8154e315aff006dec47574b005d4000000000000000000000000000000000000000000000000000000000000000000000000000000000000000000000000000002079f3cbcfd4b33cba220aa6c662ef5ebd7bfa5842fce000000000000000000000000000000000000000000000000000000000000000000000000000000000000000000000000000000e0b71e1d312ae3d2a15cd94d2cf5ea53d4e8e30d394000000000000000000000000000000000000000000000000000000000000000000000000000000000000000000000000000001c93c18ef41835b321267394e4f429ebf472cc9ab180000000000000000000000000000000000000000000000000000000000000000000000000000000000000000000000000000039e7cecb72ab73f6464572558ca4ecafb3d0cd3635e20f40000000000000000000000000000000000000000000000000000000000000000000000000000000000000000000000000000329f373db19b4e6ec6042686093a6becf433cea6cc21e80000000000000000000000000000000000000000000000000000000000000000000000000000000000000000000000000000527cca2c8c9a7336b021244e1e4e358f637d36e837600f7c0000000000000000000000000000000000000000000000000000000000000000000000000000000000000000000000000000159f3a99d715f99b58a21318c67178f577556ec3773c25e00000000000000000000000000000000000000000000000000000000000000000000000000000000000000000000000000000382b957996e5ee6734ae6328ce26be9ecaede81d0e784a200000000000000000000000000000000000000000000000000000000000000000000000000000000000000000000000000000e484abc672f6ab39d760ceb9b377ec85fd489e873827100000000000000000000000000000000000000000000000000000000000000000000000000000000000000000000000000000418f05e73eaa574bc67c2e8a73ede7c9d774adebadd1e704e0000000000000000000000000000000000000000000000000000000000000000000000000000000000000000000000000000000e3e9f32166932aef998b7be4d53ec783d89bfb585958000000000000000000000000000000000000000000000000000000000000000000000000000000000000000000000000000000c3c73d1356ab2a2cd3a655e7b13a43d000000000000000000000000000000000000000000000000000000000000000000000000000000000000000000000000000000011e74f9919fa7396d5df5ead2f6501280000000000000000000000000000000000000000000000000000000000000000000000000000000000000000000000000000000825105b39f14e59bfb657a6af17527d59592512000000000000000000000000000000000000000000000000000000000000000000000000000000000000000000000000000008982b5b54af275d49560ba8349cee5e6b62c4800000000000000000000000000000000000000000000000000000000000000000000000000000000000000000000000000000111619c68328da0c9a8ce6f25666489000000000000000000000000000000000000000000000000000000000000000000000000000000000000000000000000000000000000000000000000000000000000000000000000000000000000000000000000000000000000000000000000000000000000000000000000000000000000000000000000000000000000000000000000000000000000000000000000000000000000000000000000000000000000000000000000000000000000000000000000000000000000000000000000000000000000000000000000000000000000000000000000000000000000000000000000000000000000000000000000000000000000000000000000000000000000000000000000000000000000000000000000000000000000000000000000000000000000000000000000000000000000000000000000000000000000000000000000000000000000000000000000000000000000000000000000000000000000000000000000000000000000000000000000000000000000000000003ffc40002ffda000c030100020003000000210000000000000000000000000000000000000000000000000000000000000000000000000000000000000000000000000000000000000000000000000000000000000000000000000000000000000000000000000000000000000000000000000000000000000000000000000000000000000000000000000000000000000000000000000000000000000000000000000000000000000000000000000000000000000000000000000000000000000000000000000000000000000000000000000000000000000000000000000000000000000000000000000000000000000000000000000000000000000000000000000000000000000000000000000000000000000000000000000000000000000000000000000000000000000000000000000000000000000000000000000000000000000000000000000000000000000000000000000000000000000000000000000000000000000000000000000000000000000000000000000000000000000000000000000000000000000000000000000000000000000000000000000000000000000000000000000000000000000000000000000000000000000000000000000000000000000000000480000000000000000000000000000000000000000000000000000000000000000000000000000000000000000000000000000000000007d980300000000000000000000000000000000000000000000000000000000000000000000000000000000000000000000000000000000016509b880000000000000000000000000000000000000000000000000000000000000000000000000000000000000000000000000000000676318ac20000000000000000000000000000000000000000000000000000000000000000000000000000000000000000000000000000005d82540690000000000000000000000000000000000000000000000000000000000000000000000000000000000000000000000000000000c59ffc5a0000000000000000000000000000000000000000000000000000000000000000000000000000000000000000000000000000001149646a300000000000000000000000000000000000000000000000000000000000000000000000000000000000000000000000000000006fd38ae8000000000000000000000000000000000000000000000000000000000000000000000000000000000000000000000000000000091c07a8100000000000000000000000000000000000000000000000000000000000000000000000000000000000000000000000000000009e52d40200000000000000000000000000000000000000000000000000000000000000000000000000000000000000000000000000000002f43aae700000000000000000000000000000000000000000000000000000000000000000000000000000000000000000000000000000001eae28e0080000000000000000000000000000000000000000000000000000000000000000000000000000000000000000000000000000017216fef0800000000000000000000000000000000000000000000000000000000000000000000000000000000000000000000000000000016cc2848c0000000000000000000000000000000000000000000000000000000000000000000000000000000000000000000000000000004f07a2780000000000000000000000000000000000000000000000000000000000000000000000000000000000000000000000000000000c0863a98c0000000000000000000000000000000000000000000000000000000000000000000000000000000000000000000000000000007d8454ea400000000000000000000000000000000000000000000000000000000000000000000000000000000000000000000000000000036e9e25000000000000000000000000000000000000000000000000000000000000000000000000000000000000000000000000000000006b653ade80000000000000000000000000000000000000000000000000000000000000000000000000000000000000000000000000000001361ba2ac0000000000000000000000000000000000000000000000000000000000000000000000000000000000000000000000000000002aa2daeec00000000000000000000000000000000000000000000000000000000000000000000000000000000000000000000000000000065d9d1680000000000000000000000000000000000000000000000000000000000000000000000000000000000000000000000000000000027cf6840000000000000000000000000000000000000000000000000000000000000000000000000000000000000000000000000000000051267a1c00000000000000000000000000000000000000000000000000000000000000000000000000000000000000000000000000000007c3f029a200000000000000000000000000000000000000000000000000000000000000000000000000000000000000000000000000000014e96ad83000000000000000000000000000000000000000000000000000000000000000000000000000000000000000000000000000000139e902400000000000000000000000000000000000000000000000000000000000000000000000000000000000000000000000000000007b12589430000000000000000000000000000000000000000000000000000000000000000000000000000000000000000000000000000000106547600000000000000000000000000000000000000000000000000000000000000000000000000000000000000000000000000000001407986da0000000000000000000000000000000000000000000000000000000000000000000000000000000000000000000000000000001841ecb1b00000000000000000000000000000000000000000000000000000000000000000000000000000000000000000000000000000005eeddaf000000000000000000000000000000000000000000000000000000000000000000000000000000000000000000000000000000019619c4b80000000000000000000000000000000000000000000000000000000000000000000000000000000000000000000000000000001883b6e1b000000000000000000000000000000000000000000000000000000000000000000000000000000000000000000000000000000007e20daa00000000000000000000000000000000000000000000000000000000000000000000000000000000000000000000000000000001312ff0c000000000000000000000000000000000000000000000000000000000000000000000000000000000000000000000000000000012f7beab800000000000000000000000000000000000000000000000000000000000000000000000000000000000000000000000000000018e2ee3c8c0000000000000000000000000000000000000000000000000000000000000000000000000000000000000000000000000000001e0a7230400000000000000000000000000000000000000000000000000000000000000000000000000000000000000000000000000000125ccf98800000000000000000000000000000000000000000000000000000000000000000000000000000000000000000000000000000002f8b6260c00000000000000000000000000000000000000000000000000000000000000000000000000000000000000000000000000000073921382c00000000000000000000000000000000000000000000000000000000000000000000000000000000000000000000000000000063691d2a400000000000000000000000000000000000000000000000000000000000000000000000000000000000000000000000000000010c31fc6400000000000000000000000000000000000000000000000000000000000000000000000000000000000000000000000000000023f61efac00000000000000000000000000000000000000000000000000000000000000000000000000000000000000000000000000000029728ecc000000000000000000000000000000000000000000000000000000000000000000000000000000000000000000000000000000049d2880c400000000000000000000000000000000000000000000000000000000000000000000000000000000000000000000000000000006b60108800000000000000000000000000000000000000000000000000000000000000000000000000000000000000000000000000000007de05cb200000000000000000000000000000000000000000000000000000000000000000000000000000000000000000000000000000007408cc88200000000000000000000000000000000000000000000000000000000000000000000000000000000000000000000000000000025b30a0630000000000000000000000000000000000000000000000000000000000000000000000000000000000000000000000000000001feff002fa00000000000000000000000000000000000000000000000000000000000000000000000000000000000000000000000000000006e1a429a30000000000000000000000000000000000000000000000000000000000000000000000000000000000000000000000000000001784c48c000000000000000000000000000000000000000000000000000000000000000000000000000000000000000000000000000000010fe0674b00000000000000000000000000000000000000000000000000000000000000000000000000000000000000000000000000000012ae471510000000000000000000000000000000000000000000000000000000000000000000000000000000000000000000000000000000132d22f1000000000000000000000000000000000000000000000000000000000000000000000000000000000000000000000000000000007d5d163000000000000000000000000000000000000000000000000000000000000000000000000000000000000000000000000000000000ea6e40000000000000000000000000000000000000000000000000000000000000000000000000000000000000000000000000000000100336cc8208000000000000000000000000000000000000000000000000000000000000000000000000000000000000000000000000000000e24914e14400000000000000000000000000000000000000000000000000000000000000000000000000000000000000000000000000000000e1471862000000000000000000000000000000000000000000000000000000000000000000000000000000000000000000000000000000000000000000000000000000000000000000000000000000000000000000000000000000000000000000000000000000000000000000000000000000000000000000000000000000000000000000000000000000000000000000000000000000000000000000000000000000000000000000000000000000000000000000000000000000000000000000000000000000000000000000000000000000000000000000000000000000000000000000000000000000000000000000000000000000000000000000000000000000000000000000000000000000000000000000000000000000000000000000000000000000000000000000000000000000000000000000000000000000000000000000000000000000000000000000000000000000000000000000000000000000000000000000000000000000000000000000000000000000000000000000003ffc40002ffda000c03010002000300000010f3cf3cf3cf3cf3cf3cf3cf3cf3cf3cf3cf3cf3cf3cf3cf3cf3cf3cf3cf3cf3cf3cf3cf3cf3cf3cf3cf3cf3cf3cf3cf3cf3cf3cf3cf3cf3cf3cf3cf3cf3cf3cf3cf3cf3cf3cf3cf3cf3cf3cf3cf3cf3cf3cf3cf3cf3cf3cf3cf3cf3cf3cf3cf3cf3cf3cf3cf3cf3cf3cf3cf3cf3cf3cf3cf3cf3cf3cf3cf3cf3cf3cf3cf3cf3cf3cf3cf3cf3cf3cf3cf3cf3cf3cf3cf3cf3cf3cf3cf3cf3cf3cf3cf3cf3cf3cf3cf3cf3cf3cf3cf3cf3cf3cf3cf3cf3cf3cf3cf3cf3cf3cf3cf3cf3cf3cf3cf3cf3cf3cf3cf3cf3cf3cf3cf3cf3cf3cf3cf3cf3cf3cf3cf3cf3cf3cf3cf3cf3cf3cf3cf3cf3cf3cf3cf3cf3cf3cf3cf3cf3cf3cf3cf3cf3cf3cf3cf3cf3cf3cf3cf3cf3cf3cf3cf3cf3cf3cf3cf3cf3cf3cf3cf3cf3cf3cf3cf3cf3cf3cf3cf3cf3cf3cf3cf3cf3cf3cf3cf3cf3cf3cf3cf3cf3cf3cf3cf3cf3cf3cf3cf3cf3cf3cf3cf3cf3cf3cf3cf3cf3cf3cf3cf3cf3cf3cf3cf3cf3cf3cf3cf3cf3cf3cf3cf3cf3cf3cf3cf3cf3cf3cf3cf3cf3cf3cf3cf3cf3cf3cf3cf3cf3cf3cf3cf3cf3cf3cf3cf3cf3cf3cf3cf3cf3cf3cf3cf3cf3cf3cf3cf3cf3cf3cf3cf3cf3cf3cf3cf3cf3cf3cf3cf3cf3cf3cf3cf3cf3cf3cf3cf3cf3cf3cff00cf3cf3cf3cf3cf3cf3cf3cf3cf3cf3cf3cf3cf3cf3cf3cf3cf3cf3cf3cf3cf3cf3cf3cf3cf3cf3cf3cf3cf3cf3cf3cf3cf3cf3cf3cf3caf433ff003cf3cf3cf3cf3cf3cf3cf3cf3cf3cf3cf3cf3cf3cf3cf3cf3cf3cf3cf3cf3cf3cf3cf3cf3cf3cf3cf3cf3cf3cf3cf3cf3cf3cf3cad14b09fcf3cf3cf3cf3cf3cf3cf3cf3cf3cf3cf3cf3cf3cf3cf3cf3cf3cf3cf3cf3cf3cf3cf3cf3cf3cf3cf3cf3cf3cf3cf3cf3cf3cf3cef46a7fdef3cf3cf3cf3cf3cf3cf3cf3cf3cf3cf3cf3cf3cf3cf3cf3cf3cf3cf3cf3cf3cf3cf3cf3cf3cf3cf3cf3cf3cf3cf3cf3cf3cf3cf53ea62bef3cf3cf3cf3cf3cf3cf3cf3cf3cf3cf3cf3cf3cf3cf3cf3cf3cf3cf3cf3cf3cf3cf3cf3cf3cf3cf3cf3cf3cf3cf3cf3cf3cf3cb0990aa0ef3cf3cf3cf3cf3cf3cf3cf3cf3cf3cf3cf3cf3cf3cf3cf3cf3cf3cf3cf3cf3cf3cf3cf3cf3cf3cf3cf3cf3cf3cf3cf3cf3cf3cfcd8d9bbef3cf3cf3cf3cf3cf3cf3cf3cf3cf3cf3cf3cf3cf3cf3cf3cf3cf3cf3cf3cf3cf3cf3cf3cf3cf3cf3cf3cf3cf3cf3cf3cf3cf3ce5f643ce5f3cf3cf3cf3cf3cf3cf3cf3cf3cf3cf3cf3cf3cf3cf3cf3cf3cf3cf3cf3cf3cf3cf3cf3cf3cf3cf3cf3cf3cf3cf3cf3cf3cf3ce72dd403ef3cf3cf3cf3cf3cf3cf3cf3cf3cf3cf3cf3cf3cf3cf3cf3cf3cf3cf3cf3cf3cf3cf3cf3cf3cf3cf3cf3cf3cf3cf3cf3cf3cf3cf8cae44cef3cf3cf3cf3cf3cf3cf3cf3cf3cf3cf3cf3cf3cf3cf3cf3cf3cf3cf3cf3cf3cf3cf3cf3cf3cf3cf3cf3cf3cf3cf3cf3cf3cf3cf2264c70073cf3cf3cf3cf3cf3cf3cf3cf3cf3cf3cf3cf3cf3cf3cf3cf3cf3cf3cf3cf3cf3cf3cf3cf3cf3cf3cf3cf3cf3cf3cf3cf3cf3cf259278417fcf3cf3cf3cf3cf3cf3cf3cf3cf3cf3cf3cf3cf3cf3cf3cf3cf3cf3cf3cf3cf3cf3cf3cf3cf3cf3cf3cf3cf3cf3cf3cf3cf3cf39bb5834ffcf3cf3cf3cf3cf3cf3cf3cf3cf3cf3cf3cf3cf3cf3cf3cf3cf3cf3cf3cf3cf3cf3cf3cf3cf3cf3cf3cf3cf3cf3cf3cf3cf3cf2a95678d77cf3cf3cf3cf3cf3cf3cf3cf3cf3cf3cf3cf3cf3cf3cf3cf3cf3cf3cf3cf3cf3cf3cf3cf3cf3cf3cf3cf3cf3cf3cf3cf3cf3cf35ef2b98f7cf3cf3cf3cf3cf3cf3cf3cf3cf3cf3cf3cf3cf3cf3cf3cf3cf3cf3cf3cf3cf3cf3cf3cf3cf3cf3cf3cf3cf3cf3cf3cf3cf3cf2f32bb557fcf3cf3cf3cf3cf3cf3cf3cf3cf3cf3cf3cf3cf3cf3cf3cf3cf3cf3cf3cf3cf3cf3cf3cf3cf3cf3cf3cf3cf3cf3cf3cf3cf3cf2a7d343a13cf3cf3cf3cf3cf3cf3cf3cf3cf3cf3cf3cf3cf3cf3cf3cf3cf3cf3cf3cf3cf3cf3cf3cf3cf3cf3cf3cf3cf3cf3cf3cf3cf3cf3f380e593fcf3cf3cf3cf3cf3cf3cf3cf3cf3cf3cf3cf3cf3cf3cf3cf3cf3cf3cf3cf3cf3cf3cf3cf3cf3cf3cf3cf3cf3cf3cf3cf3cf3cf3cf2ec8f17cf3cf3cf3cf3cf3cf3cf3cf3cf3cf3cf3cf3cf3cf3cf3cf3cf3cf3cf3cf3cf3cf3cf3cf3cf3cf3cf3cf3cf3cf3cf3cf3cf3cf3f4956c213cf3cf3cf3cf3cf3cf3cf3cf3cf3cf3cf3cf3cf3cf3cf3cf3cf3cf3cf3cf3cf3cf3cf3cf3cf3cf3cf3cf3cf3cf3cf3cf3cf3cf3d479548f7cf3cf3cf3cf3cf3cf3cf3cf3cf3cf3cf3cf3cf3cf3cf3cf3cf3cf3cf3cf3cf3cf3cf3cf3cf3cf3cf3cf3cf3cf3cf3cf3cf3cf3a648ddcdfcf3cf3cf3cf3cf3cf3cf3cf3cf3cf3cf3cf3cf3cf3cf3cf3cf3cf3cf3cf3cf3cf3cf3cf3cf3cf3cf3cf3cf3cf3cf3cf3cf3cf3c0a1936e3cf3cf3cf3cf3cf3cf3cf3cf3cf3cf3cf3cf3cf3cf3cf3cf3cf3cf3cf3cf3cf3cf3cf3cf3cf3cf3cf3cf3cf3cf3cf3cf3cf3cf3cab71bb53cf3cf3cf3cf3cf3cf3cf3cf3cf3cf3cf3cf3cf3cf3cf3cf3cf3cf3cf3cf3cf3cf3cf3cf3cf3cf3cf3cf3cf3cf3cf3cf3cf3cf3ca5f30bb3ff3cf3cf3cf3cf3cf3cf3cf3cf3cf3cf3cf3cf3cf3cf3cf3cf3cf3cf3cf3cf3cf3cf3cf3cf3cf3cf3cf3cf3cf3cf3cf3cf3cf3c80cc7d73cf3cf3cf3cf3cf3cf3cf3cf3cf3cf3cf3cf3cf3cf3cf3cf3cf3cf3cf3cf3cf3cf3cf3cf3cf3cf3cf3cf3cf3cf3cf3cf3cf3cf3c84d061f7ef3cf3cf3cf3cf3cf3cf3cf3cf3cf3cf3cf3cf3cf3cf3cf3cf3cf3cf3cf3cf3cf3cf3cf3cf3cf3cf3cf3cf3cf3cf3cf3cf3cf3cabd33331ef3cf3cf3cf3cf3cf3cf3cf3cf3cf3cf3cf3cf3cf3cf3cf3cf3cf3cf3cf3cf3cf3cf3cf3cf3cf3cf3cf3cf3cf3cf3cf3cf3cf3ca5021201ff3cf3cf3cf3cf3cf3cf3cf3cf3cf3cf3cf3cf3cf3cf3cf3cf3cf3cf3cf3cf3cf3cf3cf3cf3cf3cf3cf3cf3cf3cf3cf3cf3cf3ce1612cd56f3cf3cf3cf3cf3cf3cf3cf3cf3cf3cf3cf3cf3cf3cf3cf3cf3cf3cf3cf3cf3cf3cf3cf3cf3cf3cf3cf3cf3cf3cf3cf3cf3cf3ceb77a5daff3cf3cf3cf3cf3cf3cf3cf3cf3cf3cf3cf3cf3cf3cf3cf3cf3cf3cf3cf3cf3cf3cf3cf3cf3cf3cf3cf3cf3cf3cf3cf3cf3cf3ce97c0a16cf3cf3cf3cf3cf3cf3cf3cf3cf3cf3cf3cf3cf3cf3cf3cf3cf3cf3cf3cf3cf3cf3cf3cf3cf3cf3cf3cf3cf3cf3cf3cf3cf3cf3cfd1606b2df3cf3cf3cf3cf3cf3cf3cf3cf3cf3cf3cf3cf3cf3cf3cf3cf3cf3cf3cf3cf3cf3cf3cf3cf3cf3cf3cf3cf3cf3cf3cf3cf3cf3cfa064ad37f3cf3cf3cf3cf3cf3cf3cf3cf3cf3cf3cf3cf3cf3cf3cf3cf3cf3cf3cf3cf3cf3cf3cf3cf3cf3cf3cf3cf3cf3cf3cf3cf3cf3ce1b6091ddf3cf3cf3cf3cf3cf3cf3cf3cf3cf3cf3cf3cf3cf3cf3cf3cf3cf3cf3cf3cf3cf3cf3cf3cf3cf3cf3cf3cf3cf3cf3cf3cf3cf3cf3e474e9873cf3cf3cf3cf3cf3cf3cf3cf3cf3cf3cf3cf3cf3cf3cf3cf3cf3cf3cf3cf3cf3cf3cf3cf3cf3cf3cf3cf3cf3cf3cf3cf3cf3cf391c7bcaf7cf3cf3cf3cf3cf3cf3cf3cf3cf3cf3cf3cf3cf3cf3cf3cf3cf3cf3cf3cf3cf3cf3cf3cf3cf3cf3cf3cf3cf3cf3cf3cf3cf3cf2331efc0fbcf3cf3cf3cf3cf3cf3cf3cf3cf3cf3cf3cf3cf3cf3cf3cf3cf3cf3cf3cf3cf3cf3cf3cf3cf3cf3cf3cf3cf3cf3cf3cf3cf3cf378d1bb47fcf3cf3cf3cf3cf3cf3cf3cf3cf3cf3cf3cf3cf3cf3cf3cf3cf3cf3cf3cf3cf3cf3cf3cf3cf3cf3cf3cf3cf3cf3cf3cf3cf3cf26ec4ac4f7cf3cf3cf3cf3cf3cf3cf3cf3cf3cf3cf3cf3cf3cf3cf3cf3cf3cf3cf3cf3cf3cf3cf3cf3cf3cf3cf3cf3cf3cf3cf3cf3cf3cf2b3ac7d677cf3cf3cf3cf3cf3cf3cf3cf3cf3cf3cf3cf3cf3cf3cf3cf3cf3cf3cf3cf3cf3cf3cf3cf3cf3cf3cf3cf3cf3cf3cf3cf3cf3cf395eb027bfcf3cf3cf3cf3cf3cf3cf3cf3cf3cf3cf3cf3cf3cf3cf3cf3cf3cf3cf3cf3cf3cf3cf3cf3cf3cf3cf3cf3cf3cf3cf3cf3cf3cf39a03341dbcf3cf3cf3cf3cf3cf3cf3cf3cf3cf3cf3cf3cf3cf3cf3cf3cf3cf3cf3cf3cf3cf3cf3cf3cf3cf3cf3cf3cf3cf3cf3cf3cf3cf3d4167589bcf3cf3cf3cf3cf3cf3cf3cf3cf3cf3cf3cf3cf3cf3cf3cf3cf3cf3cf3cf3cf3cf3cf3cf3cf3cf3cf3cf3cf3cf3cf3cf3cf3cf3da6c902b7cf3cf3cf3cf3cf3cf3cf3cf3cf3cf3cf3cf3cf3cf3cf3cf3cf3cf3cf3cf3cf3cf3cf3cf3cf3cf3cf3cf3cf3cf3cf3cf3cf3cf3f92c2365bcf3cf3cf3cf3cf3cf3cf3cf3cf3cf3cf3cf3cf3cf3cf3cf3cf3cf3cf3cf3cf3cf3cf3cf3cf3cf3cf3cf3cf3cf3cf3cf3cf3cf3ce98e5c97cf3cf3cf3cf3cf3cf3cf3cf3cf3cf3cf3cf3cf3cf3cf3cf3cf3cf3cf3cf3cf3cf3cf3cf3cf3cf3cf3cf3cf3cf3cf3cf3cf3cf3c4fc09d2fcf3cf3cf3cf3cf3cf3cf3cf3cf3cf3cf3cf3cf3cf3cf3cf3cf3cf3cf3cf3cf3cf3cf3cf3cf3cf3cf3cf3cf3cf3cf3cf3cf3cf3ca770d131cf3cf3cf3cf3cf3cf3cf3cf3cf3cf3cf3cf3cf3cf3cf3cf3cf3cf3cf3cf3cf3cf3cf3cf3cf3cf3cf3cf3cf3cf3cf3cf3cf3cf3cac673327ff3cf3cf3cf3cf3cf3cf3cf3cf3cf3cf3cf3cf3cf3cf3cf3cf3cf3cf3cf3cf3cf3cf3cf3cf3cf3cf3cf3cf3cf3cf3cf3cf3cf3c835ca43fcf3cf3cf3cf3cf3cf3cf3cf3cf3cf3cf3cf3cf3cf3cf3cf3cf3cf3cf3cf3cf3cf3cf3cf3cf3cf3cf3cf3cf3cf3cf3cf3cf3cf3ce3b65679ef3cf3cf3cf3cf3cf3cf3cf3cf3cf3cf3cf3cf3cf3cf3cf3cf3cf3cf3cf3cf3cf3cf3cf3cf3cf3cf3cf3cf3cf3cf3cf3cf3cf3cdbb36097ef3cf3cf3cf3cf3cf3cf3cf3cf3cf3cf3cf3cf3cf3cf3cf3cf3cf3cf3cf3cf3cf3cf3cf3cf3cf3cf3cf3cf3cf3cf3cf3cf3cf3cba9880a96f3cf3cf3cf3cf3cf3cf3cf3cf3cf3cf3cf3cf3cf3cf3cf3cf3cf3cf3cf3cf3cf3cf3cf3cf3cf3cf3cf3cf3cf3cf3cf3cf3cf3ceaaa86da7f3cf3cf3cf3cf3cf3cf3cf3cf3cf3cf3cf3cf3cf3cf3cf3cf3cf3cf3cf3cf3cf3cf3cf3cf3cf3cf3cf3cf3cf3cf3cf3cf3cf3ce1fa3d835f3cf3cf3cf3cf3cf3cf3cf3cf3cf3cf3cf3cf3cf3cf3cf3cf3cf3cf3cf3cf3cf3cf3cf3cf3cf3cf3cf3cf3cf3cf3cf3cf3cf3cf22508c0ff003cf3cf3cf3cf3cf3cf3cf3cf3cf3cf3cf3cf3cf3cf3cf3cf3cf3cf3cf3cf3cf3cf3cf3cf3cf3cf3cf3cf3cf3cf3cf3cf3cf3cf3d29fcddf3cf3cf3cf3cf3cf3cf3cf3cf3cf3cf3cf3cf3cf3cf3cf3cf3cf3cf3cf3cf3cf3cf3cf3cf3cf3cf3cf3cf3cf3cf3cf3cf3cf3cf3c44c97cf3cf3cf3cf3cf3cf3cf3cf3cf3cf3cf3cf3cf3cf3cf3cf3cf3cf3cf3cf3cf3cf3cf3cf3cf3cf3cf3cf3cf3cf3cf3cf3cf3cf3cf34fba758d3cf3cf3cf3cf3cf3cf3cf3cf3cf3cf3cf3cf3cf3cf3cf3cf3cf3cf3cf3cf3cf3cf3cf3cf3cf3cf3cf3cf3cf3cf3cf3cf3cf3cf1c13863820843cf3cf3cf3cf3cf3cf3cf3cf3cf3cf3cf3cf3cf3cf3cf3cf3cf3cf3cf3cf3cf3cf3cf3cf3cf3cf3cf3cf3cf3cf3cf3cf3cf3cb2833083cc3cf3cf3cf3cf3cf3cf3cf3cf3cf3cf3cf3cf3cf3cf3cf3cf3cf3cf3cf3cf3cf3cf3cf3cf3cf3cf3cf3cf3cf3cf3cf3cf3cf3cf3cf3cf3cf3cf3cf3cf3cf3cf3cf3cf3cf3cf3cf3cf3cf3cf3cf3cf3cf3cf3cf3cf3cf3cf3cf3cf3cf3cf3cf3cf3cf3cf3cf3cf3cf3cf3cf3cf3cf3cf3cf3cf3cf3cf3cf3cf3cf3cf3cf3cf3cf3cf3cf3cf3cf3cf3cf3cf3cf3cf3cf3cf3cf3cf3cf3cf3cf3cf3cf3cf3cf3cf3cf3cf3cf3cf3cf3cf3cf3cf3cf3cf3cf3cf3cf3cf3cf3cf3cf3cf3cf3cf3cf3cf3cf3cf3cf3cf3cf3cf3cf3cf3cf3cf3cf3cf3cf3cf3cf3cf3cf3cf3cf3cf3cf3cf3cf3cf3cf3cf3cf3cf3cf3cf3cf3cf3cf3cf3cf3cf3cf3cf3cf3cf3cf3cf3cf3cf3cf3cf3cf3cf3cf3cf3cf3cf3cf3cf3cf3cf3cf3cf3cf3cf3cf3cf3cf3cf3cf3cf3cf3cf3cf3cf3cf3cf3cf3cf3cf3cf3cf3cf3cf3cf3cf3cf3cf3cf3cf3cf3cf3cf3cf3cf3cf3cf3cf3cf3cf3cf3cf3cf3cf3cf3cf3cf3cf3cf3cf3cf3cf3cf3cf3cf3cf3cf3cf3cf3cf3cf3cf3cf3cf3cf3cf3cf3cf3cf3cf3cf3cf3ffc4003711000201030204040305090101010000000102030004110521123141511322606132425214236271c1063372819192a1b1d1901543ffda0008010201013f00ff00c4c7b8891c2b360fa2a4bc8b2d1c6e0b8e63b538e21bd5bdd18b08e729fea95830041c83e87d63555b6431467ef0ec4f6ad2ad1ee2e84b239420640fa87b548e8b2f845c13d2985580701be8fd7d0d7d77e0af026f21ff00150584f73705dc75e4df0bfb1a9e48a0859103702fc9f3c2deded5777b2c92fc79c1f88568b24b78bc32820afcddc52a850001803d0b7d7d1da4793bb1e42927138f10371163bd24ad0f126c41f881ad5269049cce7e46ebf91ad3b4f96ea51b6726aced22b58551074dcf73e85bbba8ed613239fc8773524b3dfdc972c7873e6703e1fce84496b185002cbc3cbe5907753d0d452a499c1dc731d454b6cb72162e0e224eded565651dac785e6799f42dc5c456f134b2361455d6a4fa8de2c6cc0076e14f6a8acfff009c809601fe593e57fc2e2b50bc1e6503033bc67e43dd4d69bf6892ed5958f3c13deaced040996ddcf33e8596548a36776c2a8c935ad6b0f792e173e183855a76fb229df33b0dff0000ff00b56fae5c7d9c5bcff7880617bd2472dcca1464d691a5a5ac4aecbe72361dbd0acca8a5988000c935aeeb46e5cc71b62253fdc689fb28e37de761e55fa01ea7de892c492724d699a79761238fc8569fa5c7111332e1881b7a14900126b5fd73c5e28216c463e26faaadeda521a6f0f89c216543c940f99a9d9d9c9724b1e79ad3ac1a560eebb7415a669cb1a891d7f847a1b5fd6c61ada07dbe76ab5804b244d263ced88d0f5fc47d8521bbb4ba062713acec5412303894f63daa5b78aee684825ca02247e1e1e239ed5a5e9aa156475f28e43bfa1b5fd6c441ada06f37276ed504266224752c09f220e6e7fe55c6906785678a7024e849c2b1c7c29d88ab19e792cc5af060066cb9e783cc0ad2b4c5c0665c20ff0034063d0baeeb6b6aa6085878a4798fd34a04bc534c48881dfbb9ec2acefeddee40ba4e142cbc2ebb18f1daa7ba9a59a48a10a809f3321cab0e84766ad2b4c0c01230839fbd2a850001803d0bad6b0b65118e320ccc36fc23bd0cdc3bcb2b911a9cbb7527b0f7a6b2b9bfb7f1e1e0e04254440eea055bdac934bc1823077ad274b0d818c20e669115142a8c01e85d5f568ec21db06561e55fd4d33497934924b210a3792435670c93b24e912b4113151167cc3f11079d5cb139b789c33c9fbd655e1180723f9d693a5678540dba9a8a24890220c01e85d53538ac2dcbb6ee7644ee6a79e7beb97677dceeee7928ab5b56b9553081e0c6c7811813e230df2d8abb9482e9112b34e8a2541b04c0dceddeb4ad2cb6140df996a821486308a3d0b7f7d0d9406590ff000af526af6eee750b9249cb37f451515b1953110cc11b02dde53d4fe5535d2f048b0c91bb48f85445c0087eaf715a5698c4a8c658f3356d6e96f1855fe67d0b77770da40d2cad803fc9ec2b51bfb8d42ebb93b22f402adadbc62d042e38411e349b9e224e028c74abc748000aa5652bc022c6c472c1fc35a5698723cb976ab4b44b68f03763ccfa1679e2b789a59582aa8ad5b559afe7c0071ca34a08cbc70c3e6948fbc71dbe95ab98ad6ccc3359cd20775c88dbcd91d8d69da7c8f20765cbb1e5db3d055959a5b20fac8dcfa16491228d9dd82aa8c926b5bd61ef650a991183845ef51412ab98e305ae08f391ff00e6bd87bd161a544537048db6ddf3d77eb565692dc4be34dbb9e431b0ab0b15b74e261e73fe3d0accaaa5988000c926b5ed6cdd398a238854ff0071a92396ca2599d0f8ae3c9d907fda8a796294488e4383cea08ae2f6559ee0f2d917a28ad3ac16150ee3cdd076f429200c9ad7f5bf14b5bc2df743e26faaade0b7b7805dde390cc71146064ff156a324d2db46566f121e2e7d73ef5a6d819183b8dba0ad334e58d56475dfe51e86fda0d7061edaddf6e4ee3afb0ab4b34f08de5d4a91a728c36e49ef8a9a186ead5239ae143a92639be5607a1ab5b2862b2687c512bc8e09e1f8540ad2f4e555591d76e83d0dfb41ae0895edaddbcdc9dfb7b0ab1d36e2f124b809c489f0a671c669c0be516d769e05ca7eed88c29f6a86c3c2b036f31ccad2e7847ca07fdad2b4c5e15775f20e43bfa1b5dd6c5aa18216fbd2373f4d59da7dabc4b89e4096f1eeccc7e2f6151c92c377c2d2715bdc270a91b003a54f712bdc7d984398e250a5e4ddd9bbd699a7190f892671d4f7a0000001803d0badeb2963198e320ccc3fb477a890dd4ad24cede103976e65aa5580aa5bdc85fb3b106099361f91a9a6bffb6185e14100501100f2f0f420d69f60f3bf1b938ea4d2aaa28551803d0bac6a89616e48c195be05fd6a28ae752b96f313be647356ab3a4ed6b241c1130c4479a861dcfbd42c17c48b838e2662b242dcd5876ad334f794a824e140193be05471a468154600f42ea5a8c3610177dd8fc0bdcd5c5c4f7f72eeefeeedd145497ac8f18b7251223e5ee4f7356faa3cf1f8b14a23b84c71a11949055adabde5cbca51433eed81b0a8614863088361e85bebd86ce069643f90ea4d5ede5cea376493b9fe88b5752f0288230420dc92305cf7a8e3691c2a8dcd693a59caa8192799ab7b7482308a3f33dfd0b75750dac0d34ad851fe4f615a96a371a8dd0c0e7b22f4515a73c293b41182edc392473761dbf4ad53c178a4552cc58295e21c9f3d09df97315a569472a00cb1ab5b64b78c2af3ea7d0b3cf14113cb2305551926b57d566d42e02a838ce238ead2d62b4b51295e377601cf300138cfe42a5b586d5a571084e2b79178477270847bd69d63348ead216773dce6aced12d93bb1e67d0b24891a33bb00aa3249ad6f597be942460f840f917a9356968f6f35a8923c99db05ba0fc349e14261ba67543c32c534479305d8002ad6dda6704789c3f2231cf0fb0ab1b25b740481c647f4f42b32aa9662000324d6bdad9ba7f06127c253fde6ac512def2149d09965d82fd20f2fe66a4e1b1b28cb625859cab7d4aa7707d994d2a4d7932b48c1d549e0db19cf53ef5a7d808103b0f3ff00af4292056bfaef8dc56f037dd0f89beaab08044c2e25552ca38b858e02a9ea7dcd7831eaed0ce81a258b3c0c48ce41e6d4aaf737133024452386e03f57535a6e9eb12ac8ebbf41dbd0dfb41aee43db5bb79793b8ebec2acad434b0bcdcddb1183d3f11fd28456eb633a5cccde149828e46e38c9dcfe456b4eb6b80ee04ac133c94901ab4bd395156475fe11e86d7f5c1186b6b76df948ffa0ab6b5965fbe3133ec4a463e6f73ed56ad2144bb77e1b5585bc453b1f116bed53ea6aa1e254504671c9b15a569a02ac8ebe51c877f436bdad8b756b7818788479dbe9ab0b36bb6334a1bc15e9d5cf6151a2dcd9cb340c63691c05463be6339e1157b762e249ad63847879cc87a16c0e55a4e98a5559970828000607a175cd596ca031c6c3c761b7e11deb1e2f1cd331f0c1dcf573d850d4a37b35fbd114914a1d5304861d856a3226a2f6df66c2c39672a363c64ee4d693a58382461052a850001803d0bab6a91d8439d8cac3c8bfa9a91e4bc96496590f083991cff00a15733f8aca1578634d917b0ab6b779dc28e5d4d693a58380170a399a4458d02a8c01e85d4b5186c202edbb9f817b9ab89e6bfb991de4f7773c9455c5c070238c70c4bc877f735042d3385515a4e959c2a8c0ea6a2892240883007a16fefe1b180cb21f655eac6af2eee751ba662db9fed45ab99d784430feec1dcf573dcd4513cae154649ad274ac955037f98d41024318451e85bbbb86d2069656c01fd49ec2b50bfb9d4aebdcecabd156a799110c109cae7ceff0059ff009488cec154649ad274b39500658d5b5b25bc61579f53dfd0b717115bc2f2cad85515aaea771a8dc80a0e3388d2a79560468636cb37ef1fbfb0f6a552c4003735a5696d91e5cbb55a5a25bc781bb1e67d0b2cb1c31b492305551924d6b3abc97f384407801c22773dcd4ce2d95a346cccc31238f947d228024e05695a636558ae58d58d92db27772373e857754566620281924d6bbadb5dbf85112210761d58f7a771688473b861b9fa01e9f9d6e4d697a69243baee790ab0b15b740cc3ce7fc7a1490a09270056bfae1b82d042df740ee7eb344fd9143b6f70c3cabf40ee7de892c493b935a6e9e5c8771f90ad374f1028771e6e83b7a14d7ed06ba24e2b781feec6cedf556d6ca2694032b6f1a1f97f11a676762cc49279935a75834ac1dd76e82b4bd39635591d77f947a1bf6835d003dadbbfb48e3fd0a4e18905c4ebcf78a3fa8f73ed52caf2c8ceed96277356162d3b0661e5ad2b4d0aab23aedf28f436bfae0855edaddbcfc9dfb7b0a50bc1e3cdba67c89d5cff00ca9a6799cbb9deacacda77048f2d693a62e03b2f90721dfd0daf6b62d55ade06fbd23ccdf40ffb4a1640d34c48881fe6e7b0a9e7799f88ec392a8e4076156768f3c836f2f5ad234b04292b841fe68000000600f42eb7acad8c66288833b0fec1de97efda4965722253976eac4f41ef573726771850a8a3088390156d6cf3b80397535a4694081b610733488a8a154600e43d0baceae9610e1706661e55edee68b3ddcb2492c8428de590d5cdcf8a551178624d917f53ef56f6ef3c8156b48d2b3800600e66a38d2345451803d0baaea9169f0711c191be04ef52cb3df5c48ef26e779243c9455cdc2b858a21c3127c23b9ee6a185e570aa2b48d2b3c2147e66a185214088361e85d475086c2dccb26e7922f5635737173a8dd333365db99e88b5713a04f021fdd83b9eae7b9a8e3691c2a8dcd691a5938551b9e66ade0482308bfccfa16f6f60b2b769a56d8721d49ec2afaeaf352b9e32a72c709f4a8ab89923436f09cae7cefd5cffca446760aa326b4ad2d8950172c6ad6d92de30a39f53e86be82deee5469538b83e107955e59adcdac900f2657ca474a7d1354476536ce71d46e2b4ad34e57cb976ab3b34b68f1f31e67d0d71270af08e66b140515e305403b8e95636296c83382fdfd0ccc154934ee5d89342a3859f73b0a55551803d0f346eeb81ca82316e10326a2815776dcfa200c9a269555790ffc97ffc4003a11000201030204050205030302070000000102030004110521123141511322326061425223718191c17292a10614331090156263a2b2d1e1ffda0008010301013f00ff00b2643a6de4f0b4b1c44a819f93f90f6569fa63ce4c922fe1ae091d4d407808c0ad4f435bd5335b2859f9b2f47a92378dd91d4ab29c107620fb1ec2c8cac1dc797a0ef57174d6c80c3cc1f50e87e6b4bba174a0f0f0cbd57a37c8ab418debfd626cccd07001e3efc78fb7a67d8da2e8373a9991d4058d07a8f22ddaaecb591686442ae398ea3e47715123c920662327937d2e3b1a8215401802b8ff001575fea136d6ac3838a6e4a7a1f9352cb24d23c92316763924fb16d2dbc79578b21011c4473c7c569bff0087c5608d032adbc6bfafebf3577a445af8ff007129689501585873a7d366b199a19947e9e961dc55d5d244877d854f3bcce59bf41ec5821799c2ad22476d10000ce3607ad417530978d4968f3e653d3e1876ab2d56daeed10c2026060a7db5ac496a9652bdcb70a81e53d73f157170d33e4f21cbd8b04324f2ac68324d47622d612c809e15cb534ffee8900657aa751f2b56d07a4e73d9fbfc350ba6b22248c804731d08ad6b599f539f272b12fa53d8b1c6f23aa20c935a769eb6e83ee3ea6a45f18ffe903fdc6ae349899fc58070b9392075a66585093b1abebc6998aa9f2e773dfd8aaaccc1546493b0ad334e10282c332373f8a55f17cabff183e63f71edf9500000072a77585327d5d3e2b54d404d23247cb916efec50093815a5e99e1012483321e43b533a7a38b854b0566ee4fd2b4aa14000600e9459625e26e7d056b1aab48cd146dfd4dfc7b1b4ad34ae26957cdf4af6a76e10e14fa54991874037c0f9a0915c445195a13100d907242b0ee3b8ab48cc08eeea11090638c371636eff0035ac6acd968a36f31f5376f63695a6f16279576fa56998279430538cbb9e48292fbc099e2688840093804b28fbdba1068dac66e05d3b9c055c2f4665ce0ff9ad67562b98e33e73ff00b45124924fb174bd34cc44d2af907a477add4844197236eca3b9a96da51011030f1372436eb267a355a582f848d3f11541b0718753d57e56b58d5bc21c284173c876a666662cc724f33ec5d334e372e1dc7e183fbd00230aaaa0b11e55edf26bc686d5c2485b898062f8d8927148011c44f96b57d51604c0f51f4ad4923c8ecee724f33ec5d3ec1aea4c9c88c1dcd2aa4088aa833c912a46480323c8565913264e1381be398e556d0f1b09194aaa6e996e2c6460e0f63d2b54d4d2de3ffe2bdea699e6919dce49f62d8d93ddcb8e483d4d51451dbc4a15761b2af7352482dbcf21fc475dc820702e71b66ad60f10aed98e3919a3909e2c86ad4b518eda23bedd07526ae2e24b894c8e7f21dbd8b696b25d4a1179753d855b5bc36d08006157f726832c451e63877078074502a082469230c8e38465999b3e7eea6afefa2b78892db0ff0035777725d4a5d8edd076f62dbdbc971288d06e799ec2ad2d21b58703651bb37734d204e19a55efe1a640e5b926add5ee09f30911886e307753fc30fdb1579771db44de6000f51abebd92ee52c7651e95f62c30c9348a88324d5858c76d1636cf376a40af896418894ec3f935099e769619a2460ad82c36df98c0dff7ab9b88eda2397dc0ddab50bf7bb9362420e43d8a88f23aa20cb13b0ad374f5b64df05c8cb35663650ee78615618cfd46900bd6562a32091807977008c641fdc53bc5670f0aed81df90ad4f516ba72884f860fefec500b1000c927005697a688143b8cc8c3f61413c56e007f0c7abff0031ae1054a90082318a021b38cf0a80c77fff004d6aba9b4eed1c6de40773dfd8da5699e1812c8b990f21daa4691e4f02055240064762428cf21b55bb013347244125c676dc30ee0d332c29c479f415abea8d2b3451b6df537b1b49d308e19a55f37d2bdaa6958308218d9e4232dc27181f99a491d2e1de281bd2a2587ea18d832f714ad23dc453bc4d1c712b7087d99d9be3b0ad635562cd146dbfd47b7b1b4ad30b959e55dbe85fe6a7ba86d8a233f0b3f36c13c20560c25ae6d5bc589b79501c9fea5a8a459ee92e507e0c71b0e2fbd9ba7e42b58d58a931c6de73cfe3d8da5e9a6622594790721f754b278015114b4afb228e9f35c264b76e18ca4f03f1609c927aefd430ab3b28dd3fde348519cf10f08f0803edad5f555857c38f018f20392d312c492724fb174cd38dcb877188c1feea551184550bc6db22f214a262cd2c391748bc3342fbf10ee2ad2d2d6787c6591fc50d97973870fd88ad4f518ad22f0e2001fa5453bb3b1663924ee7d8ba758b5d4bbe446bea3fc5334369071100051e55a9d609e01324be23c6789f070dc3d703e398a113dc7071b10e8bc515ca8d8af635aa6a51db21c6388f203a9ee6a595e5919dce49f62d959c9752f0aeca3d4ddaa1862b68542aec3655eac6a387673200cce30c0ee31da8e9ca2458da3f1203c9b3878bf5ed57575069f6691233154d941396353cf24f2b48e773ec5b5b692e650883f33d855b5b436b00006c3f76350c6c4f88feae83a28a552c6b50bf8ada13bec3fc9ababa92e652ee7f21dbd8b04124f2ac68324d5959c36907c0dd9bb9a951da2f15f0a011b1e4abdcff003562b37888bc281b8c82171ba63ae001cf91abdbc8ada16df0073357b7925d4a59b651e91ec58a279645445cb1ad3ec63b588e48ce32ef52caf3dca42a78542e577c12c370bf04d453cb38851652efe3c4477f4e5c7e42ae6782d2270bc2bd58818abfbf7bb93b20f48f62a233b2aa82493802b4dd396d932d8e323ccdd854932c8973e1b8cc28582f527eea93c5944b6caaf264c324520192a5b049269996d1199ca1908f3c8142edf35a96a2d75215524460edf3ec500b1000c935a5e99e00e3719908fed1571c725b4fe1300a8339e792bb9a526eaec803c2b85404762576fd5585411c565096e0292301905b2171d07c56a9a935cb98d0fe183b9efec6d2b4cf0f12c83f10f21f6d4cc590c68cc031e10ca38896e7b0ec284a748531b912bc8c1986080179607cd430a5b430b4a0196305636ebc3d335abea8d33b451b797ea3dfd8da4e96470cd2af9be95ed52b958e5e004aa292e475c0f48a7339b881e2401e3043a03b30500edf987a222e049248c138ca86032335ac6aa5d9a18dbfa9bd8da56984f0cf32fca2ff003524891f938c274673d3e07cd5d040d240a99b86913c23cff0cff1deadeca2b56329919860f02b74e43f8ad67563968a36f31f51edec6d2b4df1489a51e5fa57bd4f32dba8504788dcb3c94773419a1ba81250ac91a9776507d32797246f5a6d8e121ba9a43e5188c63078727635aceac5331c67ce7fc5124924fb174cb037320775fc253bfc9ed407070a201c646c3a28ee685a15b9c94f123788a39cee37c93bf7ad32da480cc6e092ca1555f982839006b58d5444bc09eb3c876a666762cc4924ee7d8b6162f772768c7a8d2224088a88338c225451700249cbb6ec69541c9270056adaa2411e07a8fa56a491e476773962773ec5b2b392ea5e11b28f5376a8628ada14554f855eac6a188a92ee72e799fe052ae7f2ea6b54d4e3b78b1fdabdcd4d349348d239c93ec5b4b592ea50883f33d00ab6b786d60000f28fdd8d451367c47f51e43ed1d852a9635a8ea315b4277d8721d58d5cdc49712991cfe43b0f62dbdbc9712ac68373fe2aced21b4831d07a8f56351465984ae307e95fb452a9638157f7b15b42de6d8733deaf2ee4ba94bb72fa476f62c30c9348b1a0cb1ab1b28ad21e7f2ef51466422471803d0bfc9a5049c0abbbb8eda26cb018f51abebd7bb9727641e91ec58e3791d51149627615a769e96b192c47111976ed51a78a43104463d23bfc9a033b0ab9b88eda36cb0071b9ed5a8ea0f772606d183b0eff003ec5556660aa3249c015a5e9a205e26c1908dcf614a9e311d2207fb8ff00d25992dd09247163f6ad4f526ba72887f0c1feef628049000c935a5699e0812483321e9f6d2af8c7847fc40f98fdc7b7e5430000053bac2993eaad57536b8668a36f2753dfd8da5699c1c334abe73e95ed417c42510f907ad875f814aa14000600a2cb12f1373e82b58d55a5668636dbeb6fe3d8da56987cb3cabbfd0bfcd60b318a33fd6ddbe07cd222a285518028958d38dbf415aceac599a189b7fa8f6f63695a6172b3cabe5e68bdfe4d6fc5e1a7abea6fb47ff7488a8a156870aa977e55aceac5731467ce799fb47b1b4bd34cc44d28f203b0fbab75211079c8fd1477351c6235c0fd4f5268000166e42b58d5bc305108e32361f68a24b1249c93ec5d334e372de24831103fdc680f0c22a28e323cabd00ee6a2884639e58eecddcd2a8e6c70056afab2c2bc2bea3e95a776776662492773ec5d3b4f6bb7cb6446bea3dfe052aac288a89bf244a8a2e0c9272edea348b9dc9c01ceb55d523b78f039fd2bdea595e691a4739627d8b6164f772e3920f535471c76f12054d86c8a3a9a8622b9773976e67b7c0a442c6b53d4a3b688f6e83b9a9e792795a473b9f62d9da49752845d87d4dd85410436b0800614721d58d4311cf8b27acf21d1452a9635a8dfc56d11df61fb935757525cca5dff0041d87b16dada5b9944718dfa9e8055adbc1690f083803763d58d431b3309641bfd0bf68a5525b02afaf62b585b2db0e66af2f24ba94b36c3e95edec6b088db438fa9b76a59b819188cefca96f6d88cf8a055d5cc56f0b12c06dbb55fdf3ddcb9e483d23d8da7dbf1bf88c365e5f9d717414e4e7145fc3c33b0519fdeb51d45eedf032231c877f63468d23aa2f326a289628c22f41441c6c6ae2f122caae19ea491e46e266c9f63d9cd142c5986e76fc8519a258f8ddb0a455cdf3cb954caaff93ec9069e4790e5989ffb4bff00ffc400361000020201020503040102050305000000010200031112210422316170104151133242718123b120335262a105149180a0b0c1d1ffda0008010100013f02ff00e148bae083bc4e379b0fff009f0a5b6e81de124ef184a3896a8e0eeb15958641dbc22f6e9ce20b4b939ebe8634ab896a1bb7b8955c96a6a53e0fb2cc6d1da0a3ea0eff0030ea43a5c6f1a18f29e21e8b3529fd895b87ad587b8f06d8fa63bc546fb86e257a48da5eaaeb831b359c37f06318c670fc33df6691fc988a155547b7831df11cc4e63a5e05347758ff00ebae7d6065ef9da3129fa9554f7b8559c3f0e942695fe4fcf832eb96a42c65bc75a6ed60ce1ed5e23b37c4540461842ff4f95fa7cc7ca6e9d3e25ac1b71d660b7ee5540d3cc270b42535f28ebe0c775452c7a4e378b37376f4e154870ff1178aa5f0a5b0d1dbd9e331aff50f594d5ef2bab3b9e9e0c2712d21c1d5d25fc2b29caeeb28a4b9ed2e614ae042c7399c3f1ba87d3b4fe9a7632aafe44aebd5faf06d966612dfc4aeb0cb958e9a41d0bbfc4b1d99893ebc1db9211ff8312b260dbc196d9ec0c2e0ed2b564dcf48571ce9ff0088ceb676338be181cb0fbbfbc300cce0782d7b9e9000063c1965a33a44727da5682cd9bac526be57e9ec63eaaf75dd7e2390dcc0ef0d9abacb785fab964ebf1383e0cd8d11151428f065d6e9d875865582f886b52233fe0f198d7dd6584755803362569bf4888146c3c196dba47784cebb08708303acab892bb347d2c23584657ac5193895d5811134f832db340ef19b30fc09b563bfaea204dc99557d3695a63af832c708233163984cfb06fd6139f566d47025430c369527bf8319828cc772c61300d0327ac2727d59b3b088b387a34f31ebe0c240199659acc2628c0d4d1989f576f6111270f47e4de0c2712db759ed098a3f2684164361385f6efeaedec2224e1a8fc8f836eb757ea13157f26e91df5ed988c8ca0bf54f681c5e1c1519519c88ef15670fc3e773d3c1b75dab61d2662ae773d267ea5a89f8c0c2d67aca0007db3ee60b91b9f796def82bb0f9c451ef387a356e7a4031e0cbaefc47a2aeafd4e6b09541b098dff5283a6f5fd1973d6a9f4d3f931464ca28d67b4000181e0cbeefc47a01acf68753f227c44e7415a72329dc475a5d8a027ea08c74f5806a3994525cf68aa14607832eb74ec3afa0058e258fa570b02674350dbc7447fb1ffaabef1b8838e65c59d333763995545ce044408303c196dba07784cdd8e046214617d119ab7d69fc8f996d951c3a6c7dc4ddcef2aacb1c095d61171e0cb6c083bc6624e66e4e042420c0ebea769f7195d649c095542b1dfc1963841198b1c99d84dab1de2e936a6bfb67d25392a48c1c7343b42751889994522b1dfc18ee1064c772c7261f89b563bc41adce7a2ee47b99c96f2e9d2ded1acd6abd86f09d5b088928a740c9ebe0c660a32658e5ce61307f4c64f5990ceb96db3bc3482cdf49f75f985f04f262ce84ff00f918e76111670f469e63d7c184803265b61730980681a9bac275b60b63e659a0d28ca3037119c94553b1fc8466f6115670f46399bc199c4badd67b42628c7334725dc0ce33ef153674d000036cf5266f50d2ca339cafc4773fcc459c3d1f937836ebb56c3a4262afe4d1d8b98c691ca6bcafbb7bc7dbfa6fcd8fb1a31c748ab386e1f3cc7a7836fbb3b0862ae773d25b67c4fa3f88f6dcbc2cadbba6ff00f065b66493ef157e670f46adcf49d3c197ddf88f455d5bfb4b6cdb68b5f201b736ecf15b008c135e76ed19b1144a282e7b4000181e0cbeec728f451acf68efb60445c68e50c5bdfdb1191ea2f8506a277199659d3e07410027aca292e7b4550a303c1975ba761d66601a8c770a3021a6d0325623e9c8eaa7aac6d227dc7329a4b988810607832db740ef099bb1c08cc14604035e4677f8f994bf2eadf35ed1ec2776c4dd8caaa2c702575845c0f065b6681de1249c99d4e04622b18114163b1e61ba83ef3ea6a1a854a4afdca7a8fd4b1c31d58c6dbf79f79ed2bacb1c095542b5f06596041198b1c9877d84dab18f78a8d606208d8cb46b452eba7bfc18cd9fbb1a86dabe613a8cad338129a4563bf831dc28c98ee58e61f89fe58efe9ba9d4bd7fbcfa87490090a7aa9f68c751c4449453a067dfc18cc1464cb2c2e61315b4ef09cfab36ad84449c3d1a464f5f061200c996d85cc26229eba499965eb95f566cec2224e1e8c73378309c4badd7fa84cad3367374ea659c4393c8748f68b687e4b7dfa18e9a0e23b7b088b386e1ff0026f06dd76ad87484c5c7dcd29b035cc3fd4368e851b06119fde769c69c141ef88ab387e1f3cc7c1b75d9e51d213114bb46babaf95173de62bbfa72b89f5b2345ebb8f79f5e9a4e5172ded399d8b31dcce1a8d5b9e9e0dbeefc44262aeadcf4953a1cd4db67a1f996566b389b86523ae769c690ae3f5146779451acf68001e0cbeec7288675dfda3f0fb05166f2ca5c7dcb2abc11f4edfe1a155e18fd46dffd2212d63eb69453acf68aa14607832eb74ec3ac267dc658c08d03a4cfd5a707ee49533ad45ec6dbf11ef2c7e15d4ea183399f1a8938e929a4b98aa14607832db740ef09cceb39295cf573ff0010b0bab638e6595b68b067a1d8ce2752b6fd3da6ec6555173812bac22e07832db020ef19893933ac574aacdc6df3f12da5b395dc19ad695d29bb7b986caad522ce53f31ec6b7482765e92aacb1c095562b1e0cb2c0823313b984c6d55aa9c60ce4e257e2c1d44aed6a0e96fb7e3e25b50c6b4dd613a8f695d649da5350ac77f063b841931dcb1c99d846e45dbee86c4352b11ca7af69654d590ea7f46064e2060f2d826a6e6407973113389453f4c77f061381996d9ada1329ab56adfa46a5f3b1cca0e1cd4fd1ff00bc0c69628dbacb746bc27488928a346e7af8309c4badd67b4260e4193d66a60dad4ef396f1a90e9b045e208dad4ce2717757632e8f8de22ce1e8d2351ebe0dbadd5b0e9098a31ccd19b27d3707503832fbd6c55e5e7f78ab386a31ccde0dbaecec213157f268cc58fabb7b08ab386e1ff26f06df77e2218a3f26e91df3eaed15670dc3e798f4f06df763947a2aeadcf49927703273a507ff0071bea69d4b617c1c36db460a42baf46f6ef1db1144e1e8d4727a41e0cbaed3b0eb098aba8f68efec257961a01c303959f56d2000ac1c76d8cb5f4a85ce71fdcc033bce1e8d67b4000181e0cbadd03bc260e638980a9cc3afdab0d4a35286e71d62a2b70ac71b868d6b6305cc033b994525cf68aa14607832db420ef0924e4c00b9c4af67c8fb546e65e4874b7a89a594db6f5d4834e239fa3c3e83f71de0cb194d25ce22204181e0cb2c082331639337638100e615aff26680c1c565b97a8f99c3732595b7da237d4a3a372ffc4dddb26555163812bac22e07831dc20cc772c7266e76112be56c34ab3f5f07de5194e26d1fed9f52951632e72ded376dbda5759638025550ad7c18cc1464cb1cb987e04a6bfbf795eb16b27c8fed302eaf6e5b167d751a99931663109d6656849c094d42b5efe0c660a3265961730983913563aca89fac3fddb44c3e3dac432ecd7712bb7bcbad369e98889d25148ac77f0613812db759ed0995d635731f68cbfd36cfc4e6d3ac29c039cfea5fb58b62ed919975e6dc0c4459c3d1a064f5f06dd6eadbda1306106a6985d0b63b1cb74c45cdb600d63622a0d207e206009658c40ac7b4459c3518e66f06dd76ad87484c031ccdfc40e56d05d76e92eabfa608e8be8f7dbd3ea34559c351f937836fbb3b084c51f934adf55eb9f8388cccf5dc4f546da3dc52dff69412d65c9d315670dc3e799ba7836fbbf11098ab9dcf481b90db8f7c2ca8bda0eac657a19fd2b15f4b69d646a07b4e22d05ce3f515670dc3eadcf4f06df77e23d15756e7a4d3658323edf6ef28e626a3d0ef31ff006f4b0cf3318cd8806670f46b3da0181e0cbaec728ebe806a32f4b0274da71471a31f889f4ffa9558bf1bce22dad973f983880127794505cf68000303c1975ba761d7d3acd250695c6bc6e7e251937a8c9df398fa6dd556caca4e3b89c4b85d20374106f28a4b98aa14607832db340ef09ccdd8e044d3f5157e378f662e2fdffe214ad5bebe76d3b466ea4cfb8ca6a2c7111022e07831dc20c98ee5ce4cdd8e0463a469137ce47596581c7d8045bf62969db1b19f71955658e04aab15ae3c18cc1464cb2c2e61df613fcb18f7ff0007dc7b4aeb24e04a6a15af7f061200ccb6d2e7b427e27f963bcebea49631133b094522b1dfc184e25d6eb3da130008327ac273eacd938111670f468193d7c1b75dab61d21300d235184e7d59b3b088b387a34f31ebe0dbeecf28e9098a31ccd198b1f566f6111670d46399bf8f06df77e2b098abf93466d47d5dfd84459c370ff937836fbbf11098ab9e63d23b67d5db115670dc3eae63d3c1b75d8d87584c55d5b9e91df3b0e9eaed88abef387a35ee7a7836eb74ec3accc51a8f68efec3d59b102e773387a0b9ed0000607832db740ef09806b3da3b7e23d59b020058e6514173da2a85181e0cb2c083bc6624e4cdd8e04660a348f52713ee329a4b9c44408b81e0cb2c08233163933763811884181ea4cdd8caaa2c702575845c0f063b841931dcb1ccdc9c087158c0ebea6125ccaeb2c7025550ad7c18cc1464cb2c2e613ec26d58ef0efea4ea95d79c0025348ac77f0633051932db0b9ed099b563bc3bfab3676889d04a28158dfaf8309c0ccb6dd67b42601a064f584927d59b270222ce1e8d0327af833a4badd5fa84c0348d4d0b13eaedec22ace1b87d3ccdd7c1b75dab61d2131571ccd19b51f576f6115670dc3fe4dfc7836ebb3b0e90988bf93748eda8fabb622ace1b87cf337836fbbf11331573b9e91df57ebd5db115670dc3eadcf4f06df763947a2aeadfda3be761d3d59b1002779c3d1afaf498c7832ebb4ec3ac262aea3da3b7b0e9eacd88064e6514173da0000c0f065d6e9181d61806a319bf11ea4e27dc7265149b1a2a85181e0cbadd03bc2733058e233051a57d49c4fb8ca6a2e70222045c0f065b6041de3124e4cdd8e046210691d7d49c4fb8caaa2c4012bac56b81e0cb1c20cc662c7266e76109fa6303aff008092c6575927004aaa158efe0c77083263b973933b09b563fddfe063a8c44f6128a7e9af7f0633051932cb0b9cc266d58ff74ebeac72702224a28fa6327af83090064cb6c2e7b426002b193d6139f566cec222ce1e8d3cc7af8309c4badd67b42628d3ccd09c9f576f6111670d46399bf8f06dd76bd87484c55c733466d47d5dfda283386a3f26fe3c1b7dd9e55e9e8abf93477d47d5da2ace1b87cf3374f06df77e2bfcfa2ae798f48efa8f6f566c45199c3d1ab73d3c1b7dd8e55ebe810b1dfa477cec3a7ab3622824ef387a35fea0181e0cbacd2bdccc4c47ce9f566c4032726514973da050a303c184e06633176cfae36869f89f45be6609329a4b98aa15703c1bc43fe03f9f4c7a75988c369554ced895d611703c1b63e85260cb34c43b41e9aa0a99b788813a783ae7d4d8f611463d7a400b7489501d7c1f759a57b983fc095b3758aa17a783c9c4275b67d3204ebd2254075f08f1b791fd34ebef05f62b73748afa80c44a99bf51502f4f08db60ad0b19f575d8d9fe665ae608a253c3aa28cf84b33fea1c402da33b09c3f04f69d47957fbcaebaea185133333333e10af84a90e4f31ef3333333333ff00a26c4c4c4c4c4c4c4c784b13131ffbe17fffc4002a100100020201030500010501010100000001001121314151617010718191a1d120b1c1e1f0f1a0b0ffda0008010100013f21ff00f148a519e99af80e87f982208f84cbbcd118536cbf733eff00b30dde5e113c0b42687f33d2905b730fcb816be7274f7f079146e33a98e70351ac9c1e1994684770f7f6c24ea4d7836963733b6ee0e87a84456121fb3d274ffd5e07a7e82686051e0c03de2b74e61042ba7799adbf907265e3ac7670f274817ad9314b7c5e90cbdfe1d5817fcc2f06273ec758833fa7150bc3d58d97455b16bf94cc6b7b8175c6990b65c2661d3264aedf06203423dac1d10cc18d978ada3af78b92b231436f51991cb297ba3513b0f0600b5861974c677fe84cacee660bf688c9994b91ff0057155b3da3b721a6c10000f05ad170998c12fd85c5bacf496b1099eb9b99bd748b165e8c418035cb0000f0664818bc54c9fdb386df3c181f46123a3b8b5d311446601b61a1a3c197899e62b10b2751cc7ff1b999dd3a3da51d23cc6c362553d1df54cdca0dc34683c195ae857111405d4d24c09fcf59479e83d258baaf64bd07399500da60c17bf061547fa465b62ab922e58dc1371d7a479193acb81a4ad8c50e656b77e0c18115ac4af233dcb8aadbe97a5c7dc4a85b4a7633e0cb43be2385380dc02fdb115bea9c045616ed28cbe3c18ed474be91fd1a3dcfab287460107f87831d263f6389541faa2236faaafa41945ec78300aae2341410c3ea27773d8bf4f749d4dcb6871c1e0c5015d45746928dcbb8040b8c35045bf86f78439510a0a371b6ee5d0f0800783372fe518bbc48843a94eb5c42681a7153038345e87bc176b0e75156db8ce8c600a35e0cbad71cc588edc19ee897445144457c91e9f212ac5976db58b631b269b8683078328cbeec58fd86e5c4f568eecde753f983e01b799ef83fb12c4127c987c31e0cad7ff08b286d732e4e5755d1bd8f78beae0730cd10ca02d35c4281ef0a97830e83788aab981f689f7a9f4e5c7c0220b5fe0666b660d08586f97c19dd0d110272fa2be679f540b8af6a130dcacfc9f065a5df0470998aaf245a26fb9981b39f7e257d52b4beccd83588d51a8e80332c2efe0cfaa919c1374db3dcb8bba0a313210838e9ae26637780eafb475c12ea021d467e0c770b4be2717301b470c1275647251fb2be62b515745efdcc550d24320f61d3c18e9282764704aa1fc008c740edcd742638769f6975bff82cbdf4b3007b1e0c4055c44a0d2512bfd44a47b6ada23387f3f91b865a73d7ee8c52ed6df46fa0c7078316a58e07eca20071704080e540ed2e6a18b37eb2c534e5c85f0c3c06673b345fe5028c783363c72f58ab73a5ccbd041d2f4776350c14bfcbc54a74a774fdb1d5db89c9b32d81840001af066c5f762c476c1990686a560503a3a3825cf873e576863bc55b65c386d8683078332173cb17717b0dc229e08b89ce5e9d110b4217d9de60c282ba4466e3f52804307832b5ff00c230951a9c4736c2583578cd4d13fe15456d5d71701b1f10a87cb0297830a8368eaaee5407dcf6625d9e976ef29bafa97587573998742a55a750f840df278307bed11d25accc8e5a72c434150389ed851cbd5473bf4a3fa8ac064330206f97c196777c11c266257245a2df73ba5075ef2e796bfbef6635139287089da8a80ccef16df062348cd44ad36cc777155b619bd72381d18d46be45ba1da619a25f4041b9bf8310a625c5d704e86e515d7bf488adf5452030100b7bf3c18c9304ec9344ae54ab7b7fb8d803556b7fc3155b8c652d10c819e0f060055a08aa8d25108b88869c3c0263620677f0f6f547417b1e0c632e27eca20390ec46c269f8445f1779881b0f94f9f6f4f1071c1e0dcd5ee7aca20035dfa1304ebb4ed88f0de3ac0a59e0732d3b99c4d86dccb55e1fb000a3c19c8fbb2889c010ece27fe5ccb635c30742c450db6555b71ec75800063c19455cf2c529f781f72c25869e602895d4849ec71fe27bc43a7277b1fc8bda6d8003078304f23f2596b0c05d13e5220bd92798dc97b21052bd6960dca455b82110d72c3e1e0c2a0da3a558ba7fcc2920e3744c57ec96bc3ff423ccdd2769d43bf640de0c3f142224cb16d441b9a95dd82debb89e6265baca1a031fc26580aba9eec10129a6f97c196377c11d537388959e658ff3329289ee4624f5f2f6f684bd66624808199dd2dbe0cfae846705579184e65afea71a4ff9a62647c3d9ed31b41f71a7abc0e2fb454020daede0c364e089671c44ba372e269a57372c29fef805ab55c18796bda14d57aff889802103fd5f060057516822a84e7ba861c7e53a312d6dc2e2752ef92a664aedff00130988603d87831432cbfc082413cdc112e7d04749d3058af3712af79a47b1e0dddf1cca211f99fd18f749d696516383c1bb17dd8821bd2447a6bdbd69c1b99ee608e10aaf06642e7962e27490804be748136a676090ecedda117577b06e52ef156ddcc718fec0001af0654e77e4d8ac4ed3701e81301d7ef5f11669293ed42cf8957e48f937102f4dc34147830683688aab057098aae1d57bcb8046c719e91402f530b713a5c67f413b3db60d0c1e0cee2688e133280d7599d5891b9f6996e29512cc49b32c106cb63a7305a75c4abbe5814bc1971e782314950162158bed42ae0b2b64334904ed70036df490b785f7e613281be47c19797d44c93242f00131a951c4846748458f663d7c95c4bc05ed8520081be5f063b48a57e225792060d52bf61b353bbbc1ff00ac64bc8645eb1e8e3982832cef86df0620d13b67827110d17f4336cd6ddb9873aaff00dffd4ba5961f3b82f14194e65e80ccb43bf830117446fc13a1b8c651b572c2b4e2e074884d42e8652e8b48f78ce0a199a717040ff8f83140b62ba69fb28851bb89601e63c26b38573ba8761f404d2436a53298597478316a5cfbdd6510cfd2998c301357103b82ba0ce8cd02fccfde692f63c1bb1e3965043ae3e084bd0609199b131517378778222d7033919805d9dfc1bb17ddf43b5d2945f4783bc7db1e175c246f10d1d20f88d76f32cf1ff6001e0ca32fbb165ce3c4910e0bfc4be9e3eceb00c859fc5c212f5bb8f63ac000307832adbddda2f58c6529d0e635a343436c34f4b4aed1bd77f858eac0ba752e58a3b45b61a0a0f0657ffc1176ccfb60bbd96e93a11304050b7a80af0a6ea0e39ada605dbf12947cb0f960f067bfb51d2ae604062babaef13a164450dd0bbb3bc5cccdceba4160f787bc192583985400fdcb3009434c2458e5e6599c7d846fb50584a637cbe0c62989657e0895c914a4e7bf55022b2120b948e5b7c18e9382761b444bada15ddc5b5be8b52b06a320372d2efbf060055c117069a2711b9c88c456fa5c491ac081559fe78316b32cf03f6570b99e08eedfe9c2641ec3a7836cabddde510c7d44b03eade82202f67836cb4f76013da23f63d68ea44e6682c7078368b5f76513b552df6f5d2372e6f99803d9de71e0ccd7eeed391973813a407a898cb6dcbdc1fd8000063c182606d6c5cda427a67a998ce1d0676c24141e0c2a0da32aac7a0d36c10e1f509581f1287c36c0a541e0cfcc22248111f707d4c42ee7528ef97a40878f06585df047292a0b94fcbea0136b887ca06f91ebe0d88cd4ee88b923736dfa202601a874f32ac6f97c18ee1657e088bc93dcb8956fa2d47746a22c83c4ef76df06204a27e204e0370c977894afaa3a6a3a819970dbf9e0c364d046ec344a3de173ed4bd3eafe80d36ffe783140ac574692a87cc70466df557d0c005d874f06280acbbffa25100fd644b1f5f74f4eaa2f67836efce9b259d26a2f63d748dcb9be66016383af836cb5c72c693a7ccb946068f5a78dc655772c078fec0a3c1990b9e58b2cdb067603d44472d1d5e9fd8000183c19fb33d272313b4dc37a6f5031ae4e931b61a0a0f060dc67f915b6b12a35cb0c387d4cc07808100c72c3e741e0c1a8df5112ae6144f967dc07d444cdceb8837e67a43c5e0ceeb688a932fa0b91adbea02d8af6a0353ef83d7c19696f823f7cb1b205c836cdfa2d12a1c42598caf9b6df062549f9522abc93436a2ab6fa2d45a0d465032c1cd97b7c18bd312c6d704e0370c972a2aadf5591a00dc3e4bf9e0c749412d5a1a274b7360de888adf5650a4c4af5e5a3a783002ae08b51aca209e4e08f73eb6c3ab29859e1e0c5a9738bfb28210fa88f671ebc48a0be26b2c70f06ddb3b98b44bba1c11bb1eb4946e5cdb3043b0ebe0ddedee8b44e913351a6bd6b637155bb8ef8ff00b000a3c199cddcf4952e3809da0f533de5aa2f5bac000283c198a3b10bb30dcab07179f5231a474d8db08050783011688c5fc7b4a26e60f11dcb989c228df0c3e1ae5878e83c1b6a24062168040e4ce07129793b4a4ccf2f481be67af83415f89915eec0666886f98a46bef1fb608357c9ebe0eba1fec83a7a00ddc6e10a19991c9f07e28ec4c49ede96f100e041a8783c02ba23bbf8f684d080bab37291cde9e11d0185be84055f790ddab17b71d50ba1f3e0fb97380c2368ed5b50b16bdd404169e972e5f832e5fa011eb2b9615b7f78acb3fcff00485cbf05b162e2516cbbfea3ae0c1f05a44891257f4108421e0aa95fd6f92404af0654a952bfa054a95ffdc17fffc4002a100100020202020202030002020300000001001121314151617010718191a1b1c1d1e120f1a0b0f0ffda0008010100013f10ff00e948c094d74f2c20adf1b03d41a044b13d26943322e64b9666d3090d0f439fac07c5b13d2229b713ab8ace86d3af13772a5587911f2d716b8fb216a6c722e87a3de9f3f101a7876ca9b738f64a3197d2f888b87c659315956a68d6c011e2fd1a203171d3ccb2cfd82fac72fece4f0cfecec2ec8c6f6f569f0ca86bf137cc589cf14b4b5c3ebd1898db3047ce4f732926cea30c5767b9a80f55a3524a58766d7fc4194725c4ac3fd9e12d94e6bc73401db76df90fa30b38079144105e8dbc10c0639477f50b903a7fd19d7a5fe51b7c2c5d7920c407691b004089480c5c82396f4604cc36ac0e4a1261598f8059642700df98052f6c7bc38ea25da12cb9d2147730e60635e8b482086f59641e8a7ee26ac0b504401aa313b79d8ccf112939f13ae85ca395f0e258d365c5f8808280f45822d133c085dd39ba3a94a98e573e182aa0a707d3ccb552c2d0012c82b4da938f0ca4809ff4104ac051e8b5a89615566a17445d71705f5ddf3f79b8845f1331d5d91c24dcc60342208291a495c81db950376800f46693db4455c9ccae319387ec94e8263813a869651bbb3e505f0d862fc24383a686ab932141d39a6a504d7a301329b4e25a5bcdcbf3fbe2632ac9b443a4aa51c076798d91d35b1f07c4764df5239a086c83911f082b472fa31d3db21525aed854ed3153096509ddc3ca1d5842c84ec9d328c1a6172c619900587d1e8c4b48a3044f7958332433a9e43d45496b1954e1fd454c2d474aee1a16ee0ebd18b723d23936b1af6a9894e83a88d32c71140cb006a399529ad724bea6115630f46313ad1dc66fe894946566cf3d748b1fe140b9a77db2900333b0183d18ad1011aab41c253f2ce74399a34f8be6115cbb945596c3733b7f461d601962c05068848c7d4d1b217a3288b5761d4035f0b7bdc41bc96d9aee72dcc0000f45ba140cb10bd263cc00b1f8603b8f118b4183f2d526af28042879d703c32882df04bfb1656256da8ed8000a0f45a80ab4444d22e582055964b4f2f62c80d564e062adeda9a1ac6e8cd2f3502e0af11ab0f52b4dbfe20b409bee053a1a3d16b538a0dbb8616b88f338df712e196ec9d5f73f104c488b4d03ce2ea66dc448ad8289bea5fc56e4ab80507a33232b8a6fb8d38dc82b1de9ba08e7dfb4e8e5790cc1e176053c42b82b5ba10a7e12060a12a030f460b82e658bed59c096d360c19a9665a97eeabfd91ea19b655b921bd06bf12d2b96131b4e5d12964065efd1976ef41d798ec14dace33729cb680cc49b61ff00f49e98ba4144a4a2a502adbb565e89ef809bd17e47d19dae058892e5076bb65f2b52caafc294cd72affb96ac60be0af460eea542ea0a173b511670cba82f22cab5962de2e23cacf1afe4118d8ac8a3663a97328c6bea6808300432f5e8c509f4e562e1f4751406e5a420f2f5118b7a15e03c456934daec5ba485b9835a798d441b88acd744326a3f5e8c48a823c5a343a25340b5a22b234cea5b705b208204f6053741c86355484891df542f5d06d8ea04c8407d0f4656d04b5b830c2adf0469994c8d5a41c065f232a4cb76474bf316e0974564323e48973ce58380279c6b7a30ab00b565ef46c1df98660301759a5b9f9ce1809bbcebb8e431b08f1b29295e48446f57dab326b7959f711d90f458055a0cac677a6fda185631d6fcd0eb1d3766378d0e5e4804853168d3b483d611544f20b2c9406880000068f45be65971ac02154b2ffa098a428e01c60e257e01bb9debc7a25bf316aa8e4ca74574d018022aec83565fcd0ea00507a305d768bfa2182b82335d85ee70a9610eca95466dd94a4e367ec4a1f28b73aff10da11a00000a03d194725c7547c9713a26e47181f1cd426b69cbe70e98a90d462171d317956a4ebfe494bb2b8255b20da1ec03d197f9132f48cdab347ced8c128efb233c5157327611d3e9db0e79e8cbdd576ab35c5f985c7e901ba3f00432406dedf463c712c1d798985adac02fcccbe5c40c1e9cae31e6d140a234a0e0479a87146ccd86fb88183813628dbd420b3cbb7d189390838845ab14c56bb62162e4cbbf2b2819fe256c417484fb950485d025728ba7071e658b1420adfa32439963b1977c506dca8d12f6217f62cb20cdf4205b4064cf1d8dcb7500b55633dc7c1736f3580993025e8c3464d1db1f9fa3a2081b485e70ff001464cac55c53499ea33ada0f722b081e7a22bf5c010f8886faf46579845cd43f1463192d10876b6ad8efcfd11aa8ae44c88e44f8502d8f528e594111f77a8e9e8c10005b113ac5003e659afe9001fb11a5b1c434354b80ee2a4538a2225e5cf2f500a05ffb2f4bcee3d183d816acb288d83bf2c339df503c38e77d0c4e0e00459db64ac4dc0702f9e9894a816dcc2b5c9cc5aeedb5941f73fa3100ab41192e6fda10b65f8c99b6513049e6f8fbcc289f3e044075029bcf15396916735aac2586e7b200006bd16b44bd823500055c452a765aee7fc206f5d47e4a6e295b20301349d92f0aaabb3ca2ab308b99867e5be8f0741299834170a0c07a308bf1bfca00558de6e541c4aa582dc5f11456f8fa496c1a2736d24f34b0786565b5fc4238763dc36c0280f466e0a7d1395617e802c382d567c463b3c6aaee8198b9df70fbc6a024cc3cf4bc746352589c971f5b7ba3438087715028b81e8c76d650c91972ac229d97b892d295822c26eab8da41ff0024396c51ca1e616c3f02a3c4142ed89a4811856d83d19bf5abc4428ae558ae975758dae888f0b670864c3872dea9e46543688a555e97d413787d077001f52111f7d08117dbdbe8c53a5104c0c12fa8505fb860ca1a33d89d3083e40b5d5ff911b2f1f040a641a31dbfc9641a42a9c7dccb7e2b0e9daf460d5adfe6967c54b727db0b002ff25f5d58257444ff00f2c63c3da9329df687471de9ba9a160fee5c356021fc0fa321127f62c5c3e8e884cad20e1148ae418b53864cd985c7759668fed51cf389d0ff00496422b5e3117465c040837bbc7a32ac417196a302201dac045caad83bb97a3a867a16b2807aea2ab235355caafb89b0121ca5e4f109b8bf02f62ea31637808648a3d184ec06d89590e8ee69195d128bde97506d477114aa7474bf0f674c0c706d0a6f096bec30d7d408046606ca71e8c214a08aaf5cddc27cf04e76249926224ad17fa7b22a82c1e81d7771c005f26563376de8c5018c9c4eddcad6c128c1985c9d707c62d629c8a631d9cace0433dd02b1e8cb7e9ca096c154a4c0f33534ead04b3e2aef7c446cb5772ce4ac1dc000007a30064ba388626e2ab7fb5057b29f10f9a984d288b0d8021a492dc1940f106b3307b7230304fda0f400a03d184e83b98b9b05db2e4e3328498f1437589dd3cf0947b75936af12998cfe51411306d45409994100060f46247b2c788e115cab132959d16b5962be10ad29a60e03e735e11891b3c3b98781428ede40c0150ea4de8c3b8942f509b59a2a370871f9211501813ba929bf68095dcd16b936944d2d841038fd44a8d01fbf462b7970b402c03d5cb0a81a83941ff32fe7367c8b2523370ecdacfc44c6e565abe7c31f105dab63ecf4f010f2fec5f46245cf1c966721c74470fb5dbd466bf55d9b873a937b3257dc1787f2042987a92a1e11714602f369af132be710b3b5f99f46570022978e1d10785a8a6b182bb176c5f59f6c3a2beee0ec1259c9fe1108855681128c16d12f169410769f465210008f15a38829d9154576f52b83b56e3818b93819d0317e51338856f6687ed8acd709bfce258c9002567b0cbd7a31f300b5657050e92a0325a2287da3b5e27eb4915448d20709b2a3b7620f8e61585521bb8ed44b82024518f461d25016b19aa3418f3c47e4c6c313cb93f5210a2b832bc25186c0cd82b32b3d2d72170e855b3b319b83d18015704744c7703170ab36a1caac53f4fd09122a2191dd5ac4ec11b1308cdce69252edcab2c10d5ef81e8b5022deb7ee43b183b547f240651900586f32d9e71e05ba82c6f35da2bc904f1bdc08cf672c6d0592c007a2ee0ba2d1400b5c4bce2d47708a116b9f26663d7455d974d45b6006437afbee664c18ec85a4cc2015260800000183d19979dc5fd131aacb64acb9e67327d51a730eee00094a302213671fa7d009e7dc47dbc01345cbdf821e60280f4613640c88deafb85f41c6c8afce753228295354651d49aa674a565451151cf1acec9b84de0ea02b1211f60507a305ded997a47546d7995881a3fb5d133d03bae00f3c42960216604d9a5ba52d0faf607c353b7fa40a7419e1256e83d18780bc316564dace1672c74102f24608dd54abbba44df8837ff2909b428a7b5804d6711e45cba21c3f6f6fa31cafa3b6351f470100cfedea5ffccc5de9bff07c31647d52daa817c9306c1a967952e3ccb6faff0010f0dafbd7d194e4135bc3f01009da8d6d6d45b55f874b2bc341ccb17971030043d18022362c619a84c056a0bcd3bfc47485d4016c65a7b62b955404ad021975e0f4603602d655ec37d9e58a345ad1363830751fb658c696b33aab962ecd5c100092f4604290032c676a68a18cbd4deb649fa67e140b8c9fcccd202e6096b97e8c0a1b626206d0768bc05e68e131c1f2e5cccedcacce0769fdbe8c5a96f09a386db011c4743cc78eb810f8c1c8a52765cac3ac5b2fcf97d1972865b52016b0d38530771eb30747c88bb28e8f2b9658c5723b4000051e8c33966d145a457b0959f000f95672e899d2a95868d07d80501e8c62f99fa8c91b6ed5962c36301307cd63bcce4bae0ea0852cff00d441000a03d19be7a8ea5ed972ac489500feb6dee54c5440ace11f085062156a951e8c67a5184b002e56709396748f6f954b01751c10ae9df0095e81fb5edf4636c8bf232dd0b00ff23d448f9416fe1f2c5c86d83b999dbb780859ff0062f462c4fa3b62e3f4744501dadbd4bc16194551656622b5621302cbc6afe08333bfcefa3122a0889f1fa08032297b46c44096b0802d97190ed97524a04025097a320a0115ab41835999688769fe18b55acb8a02b19696d972754012870965e9d1e8c0a40cca798ffd8338d95a257ab2c3a881ed7e142e58afb66500b584044bf5f463d541958ade9b0770479744df3799b35f8d6629b17731855b799905b2de8c3200195622ba1608db2a34defe23e54e4512ef6bb803ceaff6fa316a3b3e0e5dc004b02d8720ee5b9c0d1f3da945b195b61e95fce87a33eb38b9f04216b32b987dc40e041f27464b88195b6619130778000501407a304e998b8f12b156222f216056d3107cdfc735827315874a9f2f6ea5558280f46565cb41b12646d6e4a5c1fcdf2e59477ea0f5ca3fe321fe1501e8c74642152c2b959c3fc353cedefe5cab2ae3d08a1039ea251617a32ca0861d796396536ace20c386dfb23f0c9618a321e75f4098e11b795edf465b9cc2b7224a28daed96d2c3e66107dd1d4c9d9fe2172b77c8bd18ff002afc8cbcea4632b5605ce5f44552adb186caca1b496aa4a095d2cbd19fd658e57a22a6fae010f85a8af140cbd4448abb7e082ac4cf86d8badc0072c28d45f5783d1950611be118ea26bcab04d15fc18f52d77f0b1f37db1d5c55406d614112fd7a3d187e056b17ab57fdeca68d9a255401f447ef6b18b596094fb4e2688dbfcc23c3be87a302b016b32747c1df98671b9c966c8f9ede0f85e58ab99980a5e60f67d78f2fa3002ad011d5e932c07f511ae83f24bf34d1f3472acc6bbe55965be74bcf9f462f6c44c46ae7c4391f08e5399d08e8f9a2cca3a6c65bc3f6f380007a32cfa61fe884d98775fec45a85601398c3ab2537813961c1a4fda000a0c07a31370482753cc17e65fd1800f823823944cc3e8d97bf040cc0a0341e8c6bbac1e077320aab9b61a35217121589788a7be27383883c062eabea83d18dad05ac071a703a800bbc110cdbae202e587b895107862c85e4a1f7601083a19e9256a47a37bc015fe4ab0324b19d119c003aee66a41c46a5bca68461819b5b6d0ed9f7729b5e8d49321876c41bb953cb300bcc583b962d0407250ea52a0b82b97ef8fa23d0cb94dfa39b318bee12284709a5b842e5a942a5d9766084703d1d50fc7e072c180cb3215499332a32c101a3cfcc2240f47a57416b15ec68f51ca82a5b16dcc2e08b443406ce87a44e193b6d74c5cb391710616bc7fdc65f71ff0009f9ee5b7d1d7f25335623b7821a0a5dc63072b568f30e400c704103ff00017e8958b186512b6eb8c20206470ef2f2bcbf1afcc490307d10c5f0ba814b3712ee8df312be1f684124afc03e88627c82448a88ca603030b0b0410f44246196587c23f19ff805203d187e5d3e14f988af48d4a94caffe5dbfffd9);
INSERT INTO `producto` (`ID`, `Nom`, `Can`, `Pre`, `Des`, `Img`) VALUES
(2, 'Borrador', 40, 2.75, 'Goma de plastico para borrar', 0xffd8ffe000104a46494600010100000100010000ffdb008400090607100f0f0f0f0d0d0d0f0f0f0d0f0d0f0f0e0d0f0d0f0f0f1511161615111313181d2820181a251b131321312125292b2e2e2e171f3338332c37282d2e2b010a0a0a0e0d0e171010182d1d1d1d2d2d2d2d2d2d2d2d2d2d2b2d2d2d2d2d2d2d2d2d2d2d2d2d2d2d2d2d2d2d2d2b2d2d2d2d2d2d2d2d2d2d2d2d2d2d2d2d2d2dffc0001108022a022a03011100021101031101ffc4001b00010002030101000000000000000000000001020304050607ffc4003a100100020102040404050205040203000000010203041105122131064151611322718132425291b123a1143362c1d1437282f015e16373b2ffc4001a010101010101010100000000000000000000010204030506ffc4002911010002020202010402020301000000000001020311213104124122325161137133421452a123ffda000c03010002110311003f00fb8800000000000000000000000000000000000000000000000000000000000000000000000000000000000000000000000000000000000000000000000000000000000000000000000000000000000000000000000000000000000000000000000000000000000000000000000000000000000000000000000000000000000000000000000000000000000000000000000000000000000000000000000000000000000000000000000000000000000000000000000000000000000000000000000000000000000000000000000000000000000000000000000000000000000000000000000000000000000000000000000000000000000000000000000000000000000000000000000000000000000000000000000000000000000000000000000000000000000000000000000000000000000000000000000000000000000000000000000000000000000000000000000000000000000000000000000000000000000000000000000000000000000000000000000000000000000000000000000000000000000000000000000000000000000000000000000000000000000000000000000000000000000000000000000000000000000000000000000000000000000000000000000000000000000000000000000000000000000000000000000000000000000000000000000000000000000000000000000000000000000000000000000000000000000000000000000000000000000000000000000000000000000000000000000000000000000000000000000000000000000000000000000000000000000000000000000000000000000000000000000000000000000000000000000000000000000000000000000000000000000000000000000000000000000000000000000000000000000000000000000000000000000000000000000000000000000000000000000000000000000000000000000000000000000000000000000000000000000000000000000000000000000000000000000000000000000000000000000000000000000000000000000000000000000000000000000000000000000000000000000000000000000000000000000000000000000000000000000000000000000000000000000000000000000000000000000000000000000000000000000000000000000000000000000000000000000000000000000000000000000000000000000000000000000000000000000000000000000000000000000000000000000000000000000c793356bf8ad10c5b256bf74e9aad66dd2b4d4527b5a3f84ae5a5ba959c768ee19a1e8c00000000000000000000000000000000000000000000000000000000000000000000000000000000000000000000000000035357ab8a748eb3fc39b3f9118e351dbdb1e2f67272de6d3bcbe55ef369dcbbab58ac6a15dd86b4d9c3acb57cf78f4974d3cabd3f70f1b60acb7b06beb6eff2cfbf67763f2a97ef872df05abfb6dc4bab6f148000000000000000000000000000000000000000000000000000000000000000000000000000000000000000000004834759acdba57bf9cfa38fc8f262bf4d7b7462c3be65cbb5a67acbe64ccccee5db11ae95dd1a00dc089134cd83556af69e9e9e4f6c79ef4979df156ce861e2359fc51b7f77763f32b3f770e5bf8f68eb96e52f13da625d55b44f4f09898ed66900000000000000000000000000000000000000000000000000000000000000000000000000000000000000011320d0d6eb36f96b3f5970f91e4ebe9aba7161df32e6da777cd99dbb2234aee34800548881410dc34cb8f35abf86661ba64b53a962d8e2ddb7f0f109ed68fbc3bb1f97ff00672dfc7fc377166adbb4bb2b7adba973dab31db236c80000000000000000000000000000000000000000000000000000000000000000000000000000000000899073759acdfa57b7f2f9de4793bfa6aebc587e65cfb4b81d7108151229080a1b8000006e0989369a5a9798f36ab698ea599ac4b6f06bed1d27ac7bbb31f9768fb9cf7f1e27a6f62d6d2de7b4fa4bb299e96f9735b15aad987b3cc00000000000000000000000000000000000000000000000000000000000000000000000000000116b6d1bca4ce888db97add5f374af6fe5f37c8f27dbe9af4ecc3875ccb4665c4ea40a81410401400004289056f9222266662223bcccedb2ca39197c4da58b72c65e7b7a63adb27f10d7f1da79d26e1b18b8d61b7e6b563d6f4bd23f7984f5956fe2d456dd6b6898f5898923709a86de1d5dabda7a7a3df1f937afcede37c35b37b1f1189fc51b7d3abae9e6567be1cf6f1ed1d36f1e48b769897556d168dc4bc26b31daed20000000000000000000000000000000000000000000000000000000000000000000000002b92f158de52d68ac6e562266750e56af5736e91d2bfddf333f9336fa63a7662c315e67b69ccb8dd3a40a0008005040500410b016bc42a391e20d24ea305b1d2fc933b4c4f974f29f66ebc4ed3e1e3a789e2d0e38c58631df51db2648f9ab16f3ebde5d3149bcee7a78cda2ad7e0da8d4e7cb36cbac9c74f3e6bc46f1e95acf4d9abc5223884a4da67996df18e315d3e6a4e8b2ff00fb6b4eb8e67e91d376298b713b86ad788d69ee7856ae72e2c7926bcb37a45a627a6dbc3966353a7ac4edbb32caaf4c931da661aaded5ea599a44f6ddc1c4663a5a37fe5d98bcd98e2d0e6bf8d1f0dfc3a9adfb4fda5db4cd4bf52e6b63b57b65ddeac2400000000000000000000000000000000000000000000000000000000000000000014cb922b1bccb36b456372b5acda750e46ab51379f6f287c9cf9e6f3fa77e2c5156accb9dec814000141000500042028f3de29e13975314f85926bcb3d6bbed16f7dde98ed159dcc336aef87078962e217a57063c57a522b149b45e266fb4779b3db1ce3ded8b45ba384f846b8a3e2eb26b3cbbda69f9636ebbccf9b76cf33c43ceb8e23b6af13f105325be16974f8ef11f2d6d7aefcdff006d7ca16b8fe6649c9f108c36ae979326a70e966dcd13f0e95daf48f5efb764989b71132b1311dbdbff00f238b1e28cb7b5698f9626267a749edd1cf31333a87aee1cce1be2fc39f2fc3ad32c6f6dab6db789f7988ecb7c3688dca45e26787a28cd1d2378ebeef1d3d193705e2ebb98666ad9c3adb57cf78f497463f2af5fdbc6f82b2dfc5afacf7de1dd4f2a9672db05a1b55b44f5897444c4bc52a00000000000000000000000000000000000000000000000000000000000000c7972c563799fb317bd691b96ab59b4ea1c8d4ea26f3ede50f939b3ce49fd3bb1e28ab5f7783d902a001400000001040240044c28a4d176ce9cfe37a19cf8326389da6d59889f7f76a2da98935b78fe13c0b262bdeba8d34e4acc46d7a4c4edb7a76745f2c5a3879d69a94f19d268b4bb4cd272659f9ab8e6f33b7bdfd8c736b7525b51db958f4faae21789b4ed8a276ebbc63a47fa63d5eb334c7fdbcbeabff4ebd789e97877f4f15272dff3de36ff00faf379fa5b2f32dfb569c2743c3ed9b2575b7cf931d22ff13972fcb68889dfbf6e5666751eba6bb9dedd4a78d34ff17e156b96f1bc473d2b13133ed1de6199c1688dcaff00244cea1ea31db78ddcf30f464805b75da699316a2d5eb132f4a66b57a979db1459bb8788fea8fbc3b29e66fee73dfc7fc37b166adbb4c7d3cdd95bd6dd4b9e6b31db236c800000000000000000000000000000000000000000000000000000000306a351148ebdfca1e5972c638dcb74a4da7871f3e69b4ef33f67c9cb96d79dcbe8531c5618a65e4f440a0082144800804a000202a1410012b092aca8ace38368e1f11f0ce0cf97e2de2dcdbc6fb5b689dbca5bae49af105ab12e3789b0eaabfd1d2e1e5c1cb11be3da2d69fd3ed0f5c76aef7662f13f0e769f84e1d1d2b9b5d68b64db7a62df7fa46dff00b0f59c9379d55e7158ac6e5c8e31c6b2eaa7f46189e58a5778affe53e72f5a63ad7fb79def33d74def0f6bb1e098f83a4cb9afda7279fd2be8f3cb5f6ee74de3988ea1eff85ebe72539af8af867f4de63f7898725aba9e25d112e856f13e6c695789454ee06e88bd6f31d9aade6bd4b33589edb587885a3bf5875e3f32d1df2f0bf8f13d37b16ba96f3da7dddb4f2296735b0daada87bbc800000000000000000000000000000000000000000000000000006beab53148f2dfca1e39b34638fdbd31e39bcfe9c8cb966d3bcf77c8c9926f3b977d29158e18f761b40a89140db1e6cf4a46f92f4a47adef5ac7f758accf50936886bd78b69a6768d569e67d23363ff96bf8afff00594f7afe5b74b44c6f131313e713bc7eec4c6bb5dedccd4f8834d8f34e0c99396d1b6f698f92267ca6de52f58c179afb443ce7256274e9d6626226262626378989de263da5e5a7a44a514000024100280215900052d58915c9e27e1ec1a89e6c94f9b789e6accc4cfb355bdabd4a4c44f6f21e36d1462f818f16398c71599e91d37eddfd5d382f1b99978e5af1c3367e27fe034b87152b1f1af8e6dbcc74aef3de7d656b5fe4b6cb4fa439da6d0e7d46fa8d5ea2d8f0f7ded6e5de3da3c9bb4c578ac331136e6d26938de4c397e1e822f6a4cc445724ce5e79fd511e496c51adda563273a87bdc5c5ab8f1d2dabbe3c37b446f5e7f3f6ddc9ebcce9efbfcba187535bc45ab68b44f698989863531db4cd164d06e81cc9a13165de934d9c3abb57b4f4f4f274e3f26f5e1e37c15b3a1835f59fc5d27fb3bf1f935b77c392f82d5e9b74bc4f58989fa3a22627a794c6bb595000000000000000000000000000000000000000000000006b6af55148f59fe1e19b3c638fdbd71e29bb8f92f333bcfabe45ed369dcbbeb58ac6a14965b40277046e0f1bc5bc4d9b3e6ff0009c3637b4da6b6cdfccd7d223d5dd8bc7ad6bef91cd7cb333aab438bf86e271e4bdb36a2d93162aded9b34c5f067bcf7a639df789f47b5337311a8d7fec7f6c5a8f33aed05f4f9271e6ac56f158b4c6f16e931bc3a2b78b46e25e535d3a7e1dd75f166c714c97ac4e4ac4c45be59899edb7678e5a44c4f0f4a5a627b6bf11cbcd6bccfe29b5a677efcdbb78e388d25a5d9f02715cb5cf1a5b5a6d8af16e5acef3f0ef11bf4f48e9d9e1e5e3acd7dfe61bc179de9f437cc75828a0800802415512a8810dc54000c793056df8ab13f588907378a700c1a8dbe253ac46d131d2623d1bade6bd24d627b79ae35e17d45ed5ae2c936c55da2b17c93f2447b79bdb1e68af7dbced8e67a63d466c1c36bf0b1539f3cd7e6c96ac7cb33effecd46f24ee599d521c9d3f0ccdaa99d46af24d316d33392f3b4cc794563ca1ebef15e2ac7a4db9b14d7deb96b8b875b34563788eb36e7b79db6f449ac6b7658b4f557d0b1eb7e160ae4d55eb498a44e49fcbbedd76727aee787bef5dbcd712f1ed6276d3e2e6ff5e49e589fa44757bd7c699ede56cdae99349e20d65e22d7ff000b4e6f9ab4bcdab3cbfbf4fbb16c5589d72dd6f32e869bc5358cbf07538e70dfa6d3bf3d2dbfa4b138a75b86bdf9d4bd263beef06d92251197166b567789987b532da93c4b16c75b76e860e231f9e3ef0eec5e644fdd0e4bf8f31d37a9789eb13bbb62d13d39e6263b5950000000000000000000000000000000000000000001adacd4f247bcf67866cb18e3f6f4c78e6f2e3e4befd5f26f79b4ee5f46b5d469461a40000389e33d5db0e8b2cd378b5f97144c7945a7699fdb77bf8d58b648dbcf2ceabb7cdb874e4acdbe1e59c359ace3c99379ad7927f2ceddfe91d5f56d113db8abb74387e0a69f361c9a8f8d38697f89b7c38e59dbf0db979b7db788ef1bbcefbb567d7b96a35131be9dce1daec5aad46a3e056d48e4b66cd9ed5adf559eb1ff004f1c4f4a47f7d9e16ada958dcff51f10f4898b4ce9e773eaf476ade29a5cd86fff004ed19e6ff37ff922ddbede8e88adf71b98979ccd7f0bf0dac6bb3530e5898c99378f8d4efd2b33bde9daddbbc6d2c5e7f8ab368ea16babcea5ea3c29c3a94d6eb2d1f37c18a608bf6f9f9639e623df672f9179f4aefe797b62ac7b4bd7389d29500100100021a401120800100b44824544d1369a69eaf87e3cbb7c5c75bed3bc7346fb4b71698498703c47c0336a2d49c592b14ac6d38ed1d227f54374c911f0cdabb6ff0006e098f4b598ac7cd6fc7699de667fd89bcdbb22bae9e3bc5ba8c9a9d4ce1a44dab8e62b5ac44cef3e769fdf674e188ac6de393733a73b86706cb6cd6a4638bde9b7599fe9d267cedefecddf2c699ad276f51ffc0463a45b34e4cbb4c5be0e2af4bdf7ef3e73f773ff0026fae1edeb0f39e27c59a6f19b2e2f855988a638e9bc447689f77be1f5fb61e5977bdbdcf833537c9a4c73937de39abbcf9c45a7671658d5e61d149dd625e8a1e4da62444c48699f06a66931b76f38f274e1cd6a4fe9e393145a1d9c3962f1131e7fd9f5a978b46e1f3ed59acea591a40000000000000000000000000000000000000004483cf6a753cd7b6febb47b3e465bfb5e65f471d7d6aac4eef1987ac4a185050011a3c738746ab4f930ef113688e599ed1789deb3fbbd315fd2d1663257da261f27c95cd82f38f244d2f8e66396d1bf2ccfe6afa4fbbebc6ad1b870cee3b6ce9b3d62b1b4c56d3bce5b5a2d392d6dfbd6f1bcedb6dd09869b5a8ac52f4b63be68cd4af5c95b570cda67aef1788dadb6f11e5beccf71c9d39bc4f25af9ed36c9f1ad3311cf111bda76edb479f9746e3511f88677b97a4e05a1be8e39e6bcdafcf49a69b4fde71567be5c9fa63fe1c996f1938ff58ee7f3fa7b52b35fedec78270d8d3618c7bf35e667265bf9df25bada5c59727bdb7f0e9a57d61bef26d2a002222645444824112d22370402601006c098804a2a50365113044a694bd5a894791d6e8eb83536be48b7c2cd113196b3b4e2bfa6fe512f48b4cc6bf09311b6e69f43f0e997e15ef96334cda6fcf1392b331b749ed24da67b2221a53c52d4c918b2e4e59c96ac45a266b14a563af7ed333fcb515998dc26f52e3f109cbc4f5114c3598c18e6639faf2f7eb69f5f67b56d18ebb9ede7359bdb5f0f79c33495c18a98e91b452b15871ccee76f788d37625855a0120a5efb3513a4d363836ae63272cf6b74fbfabb3c4cbf56bf2e6f271f1b7a07d3708000000000000000000000000000000000000002252478bc99fe6b7fdd3fcbe04cf32fb111c432d750b178f949ab3d72c4b5a894e9922526a6d2ce9500034b89f09c1a9888cf8a2fb7e1b75adebf4b43d2992d4fb659b522ddb8797c158a37f879b2447a4d6b79fdfa3de3cbb7cc3ca70c3467c2b1f86675b7afe8ac62c359f699b5bfd9e9ff00267e350cce174387f87ad8ff00c9c78749eb937ff17a998f6b5a22b4fb44bcef9f7dcfb7fe4375c7aeb876f87f0dc5a78b7c3acf35e77c992f69be4c93eb6b4f59fe1cd7bcdbb7a569156e32d8820120022411b02544208d9444aa00026600884164501208044c28c59b045e262d11313d262637dcda3979bc3d867f0f3e38ebd31e4b523afb44ecd45a60d294f0ce9ff3d6f9368dbfa992f7e9fbafbdbf29a8753069a98eb15a522b11da22368456541308ab44a08b5e0e868e7cdbb136db715345926b92b3bedf344ff77a61b7ade259cb5dd661ed6b2fd03e324000000000000000000000000000000000000004483c0ebebc99b257d2f3de1f0f2d757987d6c56dd214ae4f7794c3d59299b6f348da4c436316a7d65b8bb3346de3cf12dee258d4c335653d4da59d2ec4542822800088000002a0090011b2890576036544024004c422a404002411208dd446e00828422a2d29b1a99f2b133b6eb0d499934d6d970f78fa913a984b752f718bf0c7d23f87e8ebd43e24f72baa0000000000000000000000000000000000000003c57897172ea2de5168898fd9f27ca8d6497d2f1e774872eb32e77bafbb3a211cfb4f44d2b2d33070dbc3aaf76a2da666bb6ee2d46fb3d22625e73130cd124d4f618986b6229b02364014010041456d28ac193554ada2b6bd22d6ed59b444cfd21a8accf29b66ad934bb580405101a42a12080585101552888941132a237405810a8b6c822456a6a32f94313cb510d49b2c42ccab3210cb8bba68df0f6ba1b6f8a93fe987dfc53ba43e3e48d5a619de8c0000000000000000000000000000000000000003ccf8bf07f979223d6b33fc3e7f9b5e62cecf16ddc3ce55c2ec4ee1b5661156aae85eb649836cf4c9b1036316a263cfcda89d33356d535113e6d45b6ccc699ab78926bb4895a18d35b1954480022a01133b28f35e25f13d74dfd3c51f1334f6ac758afd7dfd9ed8f14dfbe9e77be9e035d39ef9a232dad6cf7e5e9bef35dfb57dbbbb6b158af11c39ed3332fa1d38863d169a9f1b24db929159ebcd69b6dd9c5349b5b87445a2219b82f8930eae66b4e7adeb11335bc46fb7ac4c4a5f14d7b2b78b74ee44bc9e84821555464dd401204c8245374041008d944c2a262009349b6b67cbb79b133cb710d199de574a895d26d04c1b64c70ccb50f65c3277c38ffed7dcf1ff00c557c8cdf7cb69ecf3000000000000000000000000000000000000000727c49879b04cfe998b39bcaaef1ff4f7f1e75778e7cad3e8130ba15e534a8db605eb222f02ed6845daf5bec9a19f16a3622526bb6d63d4b716626acf5c9126a24e976661624d9954202ab166c7cd131bcc6f131bc4ed3f69079dc1e1bc5a79c996b5b65c9d6d5e79899dfd2267cfddeb39266222588ac44f0f1987866b326a2f6ae3bd32734ccded11115dfddd7196914d6de1e96f6dabc4f49c978c14bdb3ea2f31196dd6622dfa637f3f72b3fedf05a3fd5eebc2fc0eba5c71d37c9688e7b7fb7d9cb9324de5ed5afac3d043ca5b845af11de485473413c1b0436048200dc1302c13281b9a440a981130a895d0d7cd9766665a8868dedba4435b55bd33b4022019692923d7707ff269f7fe5f5fc6ff001c3e667fbe5bae879000000000000000000000000000000000000000306bb0f3e3bd7d6b3fbb192bed5986a93ab44be7f68ebb7a4ecf8dad70fa91298945360d9c80b6c0904481b7a0bb4c4a6976b56fb21db3e3cf3ea46c986d63d53716626ad9a64895d44b3b985f6626ad6c65500acd4563c986263eaa8e370ef0d62c39af9a26d6b5bb7375e5dfbecdcde663529158deddc8aecc296b6c6872f8ce93167a45735b68acf344c5f9369fab55dc4f093af9787e23c467439a2ba3d4db2563ada936f8958f6975d29378faa1e17b4567e97bde11aff8f871e59acd79e9169acf4d9cb6aea661ed13b886f73431a52645444a89400004515120b42a6d833e4da1999f858ab4af3bc910d28d333285d26d1683444aa350bd67b312b0f5fc12dbe1afb6f12fafe2ff008a1f33c8ff0024b7dd2f100000000000000000000000000000000000000001e078c60f879f257bc6fbc7dfabe466afade61f4b14fb5225ad0f27a3247baa27645d93006c6846c2826d5d8d29b248b6fd996935c8a33e3ce93b34dbc7a9f558bfe599afe1b15cd12b1a967986482634b124b32a89840d9444c03ce789786ea7375d3ea6d4da36f8713c913ff94378ef159e619b577d4bc57f81b52f35e216d4d2bbf4bc4cdeaebf789fb74f2f498fb9e9f85f85f4735ae5aef9abde26d6de27ecf1b64bf532d452b1cc430f893c4b1a788c1a49a73c7cb6b7e5c7b79447ab58b1ef9b337beb887230578a453e3464cd3bf5e59bef3b7bd65e936c5bd6922b7d6f6ea70cf1aed3c9acc73598e937ac748fad7fe18b60dc6eb2b1935c4bd860cf5c958bd2d16ada378989de25cb68d4ea5ed13b658455aa099454086ea9bd0a9b532e4d9267e1621a792db910d31cb6cec349b44aa2b322a928ac95625b87abf0ff00f93ff94bea787fe37cef27ef74dd6e700000000000000000000000000000000000000001e4fc5f836bd326dd2d5e5dfde1f3fccaf31676f8b6e261c1adbddc6ea965acab2b901d545a1040a890565144151608454c5c1922ece959699bdc4d436b0eabca5a8b33356dd32c4b5a896795d26abb18514566a6c60cba6ada36b56263d263782061b696b4c734c71148e5988e5e9b6fe8bb47ccf55c3b368f3465cb8b9ab5c9cdd7e6adfaf799f576d3256f1ae9e16a4d67d9eb345e29d35eb337b7c298fcb93bcfd36794e2b7c35178793e319e75faaac69f1f4fc31d36b4c6fd6d6f47bd23f8abb979db792da87d0f80f0ff00f0fa7c78b7de6b1d67de6779dbf7715aded3b74c46a34e96cc29082c2a2561264d95863cb7dbea9b6a21ab7bee4434c7bbd2218994acc22250564154557ea92d15b7562cdc470f67c163fa14e9df79feefb1e2c6b143e5e79ffe92de743c4000000000000000000000000000000000000000073f8e687e3e19ac7e289e6afd63c9e39f1fbd34f5c57f4b6de0e693599ada2626276989eef97ad712fa3bdf4c98e5995d326ea9a5b7540131204a0a4a284a2374691208846913f55486489665a5ab64d0cd8b34a691b58f52d45e6199ac36699a25b89df6ccc6997726a9b366661a8911559a9126983369eb68dad1131e931baec70359e0fd3e499988b526677f96636ddb8cb6af52ccd6b3dc37b83f00c3a589f875ded3f8af6eb69f6fa336bcdbb22b15e9d6e565a401b8020ba457264d92674b5869defba4434c52f4866530d329041a14990526c932b10a5eccb5ad3370bd25f3e48a57b475b5bca23d5ac78a724ea132658a472f77871c56b158ed58888fb3ed56351a7ca99dced75400000000000000000000000000000000000000000073f89709c79ff1472dfcaf1dfefeaf2c986b7ede98f2da9d3ca712e0f9704efb73d3f5562768fac383278f6a7eddb8f3d6dfa68d6dd1e2f65a2445b7113b8250566515133fdc213306955dd056d26951bff615316455b995369ad894db245d9d2b2d32fb836716a9a8b4b1356d63cf12d6e259d4b2c4ee9355894b1a6b68945365424149054120442b32c792fb24ce96236d4c9799f3486fa51e910c4c822376a1099545664d9a639b0d296b312d41a6c36cd78c78e37999eb3e91e72b4c7379d425ef158dcbdcf0cd0534f48a53bf7b5bced3eafaf8b1c638d43e664c9379dcb71e8c00000000000000000000000000000000000000000000022601c7e25e1fc7977b53fa77f68f967eb0e7c9e3d6dd70f6a67b55e5f59c3b36199e7a4f2c7e68eb5fddc57c56af6ecae5adba6b73bcdb5a2c09e64d08dcd08dd1a227d00b2089036346d108d42771089f4513b842dba2ed6ad9998565a65967436b0eabddbf698626bb6dd7510bb86752cb1689346d69346d59342b268da117606d4c993686665621a59726e910d31eedc3329896994ae9112d6857742149518ad28aae2c36c968a6389b5a7b447fb9159b4ea166d158dcbdb704e171a7c7b749c96eb7b7fb47b3ea62c518e3f6f9b9724de5d27b3cc000000000000000000000000000000000000000000000000056f489898988989ef131bc12387c43c378efbdb14fc3b77dbbd67fe1cd7f1a27ae1ef4cf31c4f2f35aed0e5c13b65acc4795a3ad67eee3be2b57b7557256dd35b99e6f43980dd16089454ee29baa1ba06e827c81200a911311e708bb225176b45bec9a565a65941b38753b79b51698666bb6cd352bef12c7ab346486e5132c8a4a2b1df2ecc4ce9aac34f264dd21ad698e1b8494eca89699375456654577062bdd158769bcc56b136b4ced111de4e66751dacea2372f69c0384fc0af35fae4b475ff004c7a43e960c3e91cf6f9f9b2fbcf1d3aee87880000000000000000000000000000000000000000000000000000029931c5a36b444c7a4c6f0931becdeba70789f86697f9b04c63b77e59fc13ff000f0c9e3c4f4f7a6798ede635da0cb8276cb4988f2b446f49fbb8ef8a6bdbaab96b6e9ad177969eb1298b2685b745822454a226241312a112098400580ac81ba2ad128a9dcd1b648c88acb8f3ff00eca6d261b18f52d44cb3354df37b936221ad92ec69b55a8494c43510c4caca9b40889685014b5b64958860b5a66796b1bccced11b75994e6785e21eb7c3bc1be0c7c5c911f12d1dbf447fcbe960c1e9f54f6e1cd9bdb88e9dd7539c000000000000000000000000000000000000000000000000000000000056f8e2d131688989ef131bc24c7e48e1c0e23e16c57ded866715bd3bd267e9e4f0be089e9ed4cf31dbcdf10e0f9f075bd37afeba7cd1f7f4725f05abcbaa99ab6e1a31678e9ed12b44a2ad129a36903705a241789411120b488a8d27741301b4c86c89176b44a685e928abc49a6768215786a1994ab24cb5a446e9a1599518ad64996a218325fcbbf5e89b957a7f0e7049a6d9b347cfde959fcb13e73eefa3e3e0f5faaddb8b3e6f6fa6af48eb7280000000000000000000000000000000000000000000000000000000000000022601c6e25e1cc3977b523e15fd6bf867eb0f1be0ad9eb5cd6abcb710e0b9f07e2af353f5d3798fbfa38f260b55d54cd5973e25cef75a2454efb82c9a16804ee09890374120989342641108a98156aa0cd0d6f86132c362b32b4350cca25a452645639b8b10c596e8af45e1ae0dff5f357af7c759f2ff54c3bbc7c1afaece2cf9b7f4c3d3bb5ca00000000000000000000000000000000000000000000000000000000000000000002263d41c5e25e1bc3977b53fa579f3a47cb33ef0f1be0ad9eb4cd6abcbf11e0f9b4fd6d5e6a7eba758fbc7938ef82d575d3356cd089786a5eb1309dd14dd9696895da6978b0425040112aabc2208a98905e892acd556652caed2d43332348acaa31de51a861c97f24577fc3bc179b973e68e9de949f3ff54bbbc7f1ff00dace4cf9bfd6af5310ee71a40000000000000000000000000000000000000000000000000000000000000000000000044c038dc4bc398736f6ac7c2bfad3b4cfbc3c6f86b67ad335aaf2dc4782e7c1d6d5e6afeba44cc7dfd1c79305aaebc79a25cd8b39f4f7daf1741317342dcc8262c291605b7ffddc122c2d1282f494919eb2b0c4ac90d1bab328996b48a5e434c17c9b26da88767c3fc12724c66cd1b53bd6b3f9bde7d9d9e3f8fedf559cb9b3ebe9abd7446cfa0e24800000000000000000000000000000000000000000000000000000000000000000000000000022637ee0e4712f0ee0cdbcc57e1dfbf35236fde1e37c35b3d6996d5793e27c073e09df967263f2b5237fde3c9c77f1ed5e9d54cf12e6459e1ad3de2d0b4599d2ad5915689417804a2ad120c98e5255b1458627b5a6521559969956d60d35f2dcd8ecf87f827c5db2e689e4dfe5afea98f39f675f8fe3ee7dace6cd9f5f4d5ebe236ecfa2e248000000000000000000000000000000000000000000000000000000000000000000000000000000000395c478060cfbccd392ff00ae9d277f78ed2f2be2ad9e95cb6abca711f0ee7c3bcc47c5a47e6a475dbdeae3c9e3cc730eac79e27b7222ce6d4ba76bd65342fb82fba2ad1605eb28bb6c52561895ad2ccac31daed0c393203abc03834e79f8996263144f48edcf3bff000eaf1f07b732e7cf9bd7887b2a5622222236888da23d9f49c0b000000000000000000000000000000000000000000000000000000000000000000000000000000000000000e6712e05833c4ef48a5e7f3d2222dbfbfabcaf8ab66eb92d5795e23e1acf87ad3fab4f5aefcd1f58725fc698e9d74f2227b71b7da7698dbda5cd31ae25d113b5f998697ad8192b606c52dd04985edd99d10d5bdf65575b80f069cf31932f4c513d23f5fb7d1d78304da776e9cd9b37af11dbd9d2915888ac444474888e910fa311a704aca00000000000000000000000000000000000000000000000000000000000000000000000000000000000000000039fc438360cfd6f8e39bf5d7e5b7ff6f3be3adbb6eb92d5e9e5f88f85f2e3f9b0cfc5ac79446d78fb79b8f278d31cd797553c889e25c29de2796d13168ef131d63ece59acc76e98b44f4b4599d2b3e3bfba12be5b92437781f07b6a6dcd7deb8627acfeaf6874e0c1379dcf4f0cd9a291a8edee70e2ad2b15ac6d5ac6d111da21f4e2222350e099df6baa00000000000000000000000000000000000000000000000000000000000000000000000000000000000000000000000d3d6f0cc39bfcdc55b4faedb5bf762d4adbb86ab798ea5e7f55e0ef3c19a63d2b92378dbd37873dbc589ea5ef5f267e5a73e18d4c4ed1f0e63d79b6dffb3c67c5b7c3d7fe4d5d0e1be199de2da9b46d1f92b3beff00597a53c4e77662fe4f1aabd363a456222b11111d2223a3b22223a724ced65000000000000000000000000000000000000000000000000000000000000000000000000000000000000000000000000000000000000000000000000000000000000000000000000000000000000000000000000000000000000000000000000000000000000000000000000000000000000000000000000000000000000000000000000000000000000000000000000000000000000000000000000000000000000000000000000000000000000000000000000000000000000000000000000000000000000000000000000000000000000000000000000000000000000000000000000000000000000000000000000000000000000000000000000000000000000000000000000000000000000000000000000000000000000000000000000000000000000000000000000000000000000000000000000000000000000000000000000000000000000000000000000000000000000000000000000000000000000000000000000000000000000000000000000000000000000000000000000000000000000000000000000000000000000000000000000000000000000000000000000000000000000000000000000000000000000000000000000000000000000000000000000000000000000000000000000000000000000000000000000000000000000000000000000000000000000000000000000000000000000000000000000000000000000000000000000000000000000000000000000000000000000000000000000000000000000000000000000000000000000000000000000000000000000000000000000000000000000000000000000000000000000000000000000000000000000000000000000000000000000000000000000000000000000000000000000000000000000000000000000000000000000000000000000000000000000000000000000000000000000000000000000000000000000000000000000000000000000000000000000000000000000000000000000000000000000000000000000000000000000000000000000000000000000000000000000000000000000000000000000000000000000000000000000000000000000000000000000000000000000000000000000000000000000000000000000000000000000000000000000000000000000000000000000000000000000000000000000000000000000000000000000000000000000000000000000000000000000000000000000000000000000000000000007fffd9);
INSERT INTO `producto` (`ID`, `Nom`, `Can`, `Pre`, `Des`, `Img`) VALUES
(5, 'Pack Plumas', 5, 20, 'Paquete incluye negro, azul y rojo', 0xffd8ffe000104a46494600010100000100010000ffdb0084000906071207121010071015131010150f131013120d0f171819171712161615111b1a181d2820181a251d151521312131292b2f302e171f3338332d37282d2e2b010a0a0a0e0d0e1a10101a2d1d151d2b2d2d2d2d2d2d2d2d2d372d2d2d2d2b2d2d2d2b2d2d2b2d2b2d2d2d2b2d2d2d2d2d2d2d2d2d2d2d2d2d2d2d2b2d2d2d2d2dffc000110801bb01e403011100021101031101ffc4001c0001000203010101000000000000000000000405030607020108ffc400431000020102030602060903030303050000000102031104052106123141516122710713324252d1142333628191a1b1c172e1f01524924353f12582c21683a2b2f3ffc4001a010101000301010000000000000000000000010203040506ffc40033110100020200050203070304030000000000010203110412213151324122617105138191a1b1d11442c13362e1f02324f1ffda000c03010002110311003f00ee200000000000000000000000000000000000000000000000000000000000000000000000000000000000000000000000000000000000000000000000000000000000000000000000000000000000000000000000000000000000000000000000000000000000000000000000000000000000000000000000000000000000000000000000000000000000000000000000000000000000000000000000000000000000000000000000000000000000000000000000000000000000000000000000000000000000000000000000000000000000000000000000000000000000000000000000000000000000000000000000000000000000000000000000000000000000000000000000000000000000000000000000000000000000000000000000000000000000000000000000000000000000000000000000000000000000000000000043c56611c2b51a89ddabe89757dfb19d69368dc35df2453bb0ff00ac53e92fca3f332fb9b30fea2bf33fd629f497e51f98fb9b1fd457e69986c42c4c77a17b6bc5235dab359d4b6d6d168dc331190000000000000000000000000000000000000000000000000000000000000000000000000000000000000000000000000035fcff00ed23fd2bf7674e0f4b973fabf0414ee6d73cc686088eabfc9bec979cbf73972fa9dd8bd29e6b6c00000000000000576698974b76316d6f5eed71b745dcc6f3a74f0f8a2db99eba447596177654ea4def2de5192567af07d1f130debddba6b39371358e93adc2e54d5b7b95ae6d8eae09e9dfd91963e0fadbadb436fdd59cdfd553f0f29517bdaad5335767444c4c6e1e828000000000000000000000000000000000000008d8cc7d2c0a72c6d58538ae739c63fb81ce3697d2fd0c3374b66a9bc4d6d56fd9aa6bbdf8bfd0ba4db9c669e90335f5b1a93c66ece3e28d2a515eaffa24b9f41a225ddf61f687ff00a9f074b1328ee4e578d58f49c7495bb115b00000000000000000000000000000d7f683ed23fd2bf7674e1f4fe2e5cfeafc15b17636b44c6d9182b0bfc9bec979cbf73972fa9db8bd29e6b6c0000000000000043cc309f4a4b75da4af6f918da36dd8337ddcf5ed28f3cb7d67aa5376518da5dfb7ee4e4ecd9fd46b9b5ef3d123324fd5bdcedf91bf0eb9e1e67151338a74af9eea51952f855fcd2f67b1d11bdcc4f971ccd2222d5f1ff61639626a9adeef6f2e473e6d73ce9dbc2efeea36966b740000000000000000000000000000000000035ada7db7c1ecd7871b537ab3f668525bd51fe0b820397ed1fa53c5e36f1c338e0a9bbf4a959fff0018bfccba4db49ab86a99c4bd6e6339a86af7ab5494a72eaf57e15d8ba368b8bcca3875eab2a8eeae0e76e3f3f31b34cfb339055cdeb42961d6f55a8f4fbab9d47d91220997e99d9bc969ecfe1e9e1b0bc20bc4fe293f6a5f8b22ad40000000000000000000000000006bfb41f691fe95fbb3a70fa7f172e7f57e0ac36b4bdc5f50cf5a86c3937d92f397ee72e5f53a717a535cd2e2d7e68d6d88598e2654771424a1196f6f5492ba56574bf10234b309a94926b4738eeeeebbaa0e4ab71e1c34ef6e20629e6d3924e2b76d1a7bd78fbce494b8be1a81ee38fabbde1b4a3a25651d5faa73b5d3e2daf203d433294142539c649efb9eec1addb4379438f1b80a199c93a6b15685e52552f16b8c37a0f5efa7e007c8e612de8a9548c6eea6fa71f7633696b7e2edc3cc0f2f349b5e3fabde9c1a7283d29caeafddad35e1a809e6552d16f75786528f825f58d4da518eba5d59f5d40fab329c253f5abc2bd6a8ab717169460acf5777602765d887888bf5cad38b719add6bc9d9f26acc0f5f41a77beeafcddbf2367dedf5adb47f4d8b7be57bc4cfd545b8ae08d533d36e9a562d68afb2061b1b39d4519b4d3bea976e26316999d3a72e0a571cda3a4c2d56a66e47d000000000000000000000000000002ab3fda0c36cf5375b37ab1a715c137e27da2b8b60721dadf49b89ccd3597cbe838577b4e56fa4545f757b8bf52e936e791c5cf11271cb60d4aa5f7a7296f559ebaca527c1034b0a582a594c7d6639a9d4e3f8f45d5f729bda9b31cce7983b2d21ca2bf7649922349792e513c5ce14e841ceacda508a5fe69dc44132fd15b09b230d98a5f5969622a5bd6cedc3a538f64264886d44500000000000000000000000000006bfb41f691fe95fbb3a70fa7f172e7f57e0ac36b5446e5f78700dad8f2577a4bce5fb9cb97d4dd8a3e16b19e7dbd5f35fb235b6371c37b10fe98fec80f98ac44709173acec95b93ea063c163a18dbfd1ddf76d7f0b5c6fd7c80c54f36a3564a109789bb25bb2e207dc4e694b0b2dcad2b495b4dd93e3c00c75f3aa345eeca576b8eec5b407baf9b51a2a2e53bef6a924dbf3ec065c1e3a9e35378795edc55b5031e3334a5847bb565e2e8937ff8030d3cf684dd9c9af38b026627150c2c77eb3f0e9aa4df970022cb3aa2a3bdbd7576ad677e1c7c809946ac713152a7c25aad1818fe871df53e6bcadc09a8dedb232db9393d928ad6000000000000000000000000007994941373764b8b6c0e6bb59e946145ca86ca28d7acaea75a4fea69f772f79f61a1c7b38cee58bab2ab88a9f4bc53bdeb4fece1da9c7824ba953ba160b2eab9acb7ea36fad49a7f947a8d6c99885a6271b47248fabc2abd47c573f393fe06f49adb5dab5678f96f557bd2fd176ec45ecb9c93269e3670a583839d59bb2497ebd9772e8997e82d85d8ba7b330deab69e266bc73b691fb91e8bbf31324436d228000000000000000000000000000006bfb41f691fe95fbb3a70fa7f172e7f57e0ac66db30a4757d0cdb1649f64bcdfee72e5f53763f4b59cf3edeaf9afd91adb1b8e1bd887f4c7f64040da3fb0979c3f74043d92e157ffb7fb302af2e77c4c2df1bfdd819368fede5e50fd9019337cba184a74a54afbceca4efc74bdc065d96c31142ad4a97de5bfbbaf0dd8a60365ddab3b7383fdd01ef1d2c342a36a33a93de6da525baddf86bc40879a372716e82a29a7656b5f86bc101658d77c153defbbfbb4808d9065d0c6efbc45da8d9249b5c6edb036776c3c34d2305c3b25c0446e74933a8daa3115eaeec6ab9da33694547968dfe3c0d9a8de98c4cf74dca71bf4d85e7ed46c9fe5a33098d3284f2280000000000000000000000526d56d250d98a12ad984d2767eae1ef4e56f0c22b8bd40e0d9ded3e3b33a4d6d262a70a551efaa14d461bd1bfd9b6b545d26dab627193c75a9d087aaa2b48d28478f9fc4c6cd2d32ec85535bd8fb462b5dcbaf3bc9ff02209961cd33fb2f5796e8969bd6d3ca3f313244292850759ddf3e3222b66d9dd9fab9bd45432da7bd3766deb68af8e4f92fdcbd93bbbfec6ec851d9787d5f8ebc92f5955ad5f65d23d84c910d948a000000000000000000000000000000035fda0fb48ff004afdd9d387d3f8b973fabf055b364a523a3ea10b2d8f24fb25e6ff00739b2fa9bb1fa55199e4f57115673a514e2dab7897448d6d8c1fe8b895ff00f45f302cb0b964e542a52c4e9294af16e57e4adf868057e1728c4d39350f027a4a4a6ad6f25c40cd82c9aae1eb464d2708cb8dd5edad9d80f79ce55571755ce8a4e2d47de5d2cf8813339c0cf174e9c68abb8b57f12f84065b829e1e854a75178a5eb2cb79738a4808d91e57570751caba496eb5a493e6be404596515f09537f0894acdb8bbc7f269b03263b2bc4e32d3ace2e5aadd4d2dd5e604bad80a9530d1a4a3e34d5d6f2eaf5032e41829e0a33588566da6bc49f2b7202cead3f589c5f34d089d4ed26371a55d584e318d29d0df8a4acd4d2d5706ba33399899ded2371d12b2dc27d1632bab393bb57e1d8c6676b09a4500000000000000000000069bb6fb774b672d43051fa463a69faba107ecfdfa8fdd8fea0710cfb3b93aaebe6f516271cef6e3eaa82f822b958bd93bb5ec652ad5611c563d4fd5d6938d3a92524a6d2d547b7222adb27c5c72ef0e3e8ca159c7d6477a3e2941ddab747a161255b9b66f3cc9d97869728f5eefaf9099221870d83752dbeb4e8344cb73d8fd8fadb473ddc2c776945af5959c7c31ed1f8a5d86f47777ad9cd9fa1b3b4952cbe16e1bf276de93e726f99156e000000000000000000000000000000000035fda0fb48ff004afdd9d383d2e5cdea85599ac43ea2c24a7e0f1d3a11dd85adaf2ee7267998bbd2e17052f8e267bf567ff55a9dbfe269e6974ff4b43fd56a76fc89cf27f4b4f99feab53b7e439e4fe9719feab53b7e439e4fe971be7faad4e56ff8962d32d39e9870d26f6debfcf85cd09b9c62e5c5a4dfe4671d9c55b73444f9652b2629578c747240644efc00f152b469fb6ec58accf6633688eef519296b17a7993b2c4edf2a4d5357a8ecbab635b2674f14b111adf6524ff12cc4c7722625eead4549394f823199d42a0431d29cad68a4f85e4f5d1697eba98c5a658734ed3a9545515d77ff00c1944b289dc32154000000000000000007c6edc40e65b6be9125275309b2928b946eb118b7ad3a5d547e29fe8869265c82ae3e55a6e864519d5ad5dfd657b3756ac9bd5df944a69d03627d1228ee57da9f1cb49470a9bb5ef7fac7cfc80e859ee1e8d6a4a94e8d39aa7674d3847769b4b4dd56e220d3886d7e1e78975655af3c45274dc64bdc8df849f2ba7c0b2435ec361e357eb23c1fe8fde44882674e91b0be8eaa673bb5b344e961b92b5a753cbe18f7e2c6c8876bc060a9e5f4e34b05050a704946315a222a40000000000304b1308c942538a9be11de577f81753adeba26e37a6722800000000000000000000006bfb41f691fe95fbb3a317a65cf923e38559b1002452e07167ff53f27afc17fa31f59fdde8d4ec1bb710933a79bf426922db0ac6d68ac4dad3a887aa6aefc8ce6350f9ae2389b711937dab1da3fcfd65b2617d887f4afd8ca3b3b29e887dc43b45db8959ab946f1d7effec9afd8a24e5b26e0efc9bb7e4b4023a4aa5d4b8be0fb9bbb346b6cf97c5d3de57bad198649db2c71ada3e637a9569c6d75a593bdb8bbb32a6a2932c2f333922182bd4dcaa9534a2e12b2dd8a574ed6f91223e16df75b6329fad8351e3cbe468b46e194a24274e845464b7a76d56eebd5afd491a8863335884ac1c1c23e3566db764969d8ca16b1311d520ac800000000000000031627110c2c65531325084137294a49249736df0038c6dd6df4b3a8ca181aaf0f96aba9d65a55aef9c29fc34fbf165d26da9e45b3f8adb2dd86020b0d808b4949c64b7b9bb7c72efc00ec9b25b1d85d9787fb482f59a6fd693de77f3b7e805be2b1564d4748f377d5fc9105654a72c4eaeea3dadafc91554b9f64553686856a195460f8de4d28c77ade18dedabee0537a35f46b5b0157d66d1d182852bee41ca33dea9a78b476dd4bf520ec495b801f400000000d6f69b6d309b38ad8ca9bd57dda54ed29bfc391bf0f0d932f68e9e5aed92b5fab97e7be92f1b9a5d602d85a4f85bc551af3e08f570f018a9d6dd67f471e5e2277cbbebe23bb4ca95a739fad9d49bac9a92a92a92724d3ba77be875c446b5ae9e09ad62bd5fa2b62b30a99a60b0d5b1d16aa4e0b7aeb8d9b5bff008daff89f3dc4e3ae3cb6ad7b3af05a6d48995e9a5b4000000000000000000001459e509559c5d28b6b756aa2df37a1bb1da223ab55e277b57fd0ea7fdb97fc25f236f357cb0d4f83e8753fedcbfe12f90e6af9353e1969e16a25ad397fc5f5f2393375bee1ea7097ad71444cea773fbbdfd1aa7fdb97fc1fc8d5a974fdf53cc7e6f2f093f825ff00197c86a58f3d3cc7e62c2d45ff004e5ff16352464ac7bc7e67d16a7c12ff008b32ad74f1bed0cf932db92913c91facff001e3f365a7859a5ac25ff0017f224c4ccb8698af11da57986568453e8bf6338ecf4a91aac32b57e25648d2c127c1b49f2d00cf4e0a9a4a0ac9018a5864ddd69f91945e74c79236cb4e9aa7ec92676b11a7c953526a525ac6f67e689133ad1a8ded8fe8d173f592d656497ccbb9d68d754822be580fa0000000000000000001c4f69338c4edcd6a9432ca33ab87a55250a34129469ce5096ebc46227f05f8439f32a2c322f4714dd455b3faab175e1ee28b8e1e973497c6d70b01bf4abd0c9fd5c3113853752d0a716e31737c124b92031e2b12dbb4f8ad145705f37dc0c6e9a878b16ec9727c3fbb033d0c04b1fad7bc29728a6f7a5f2405dd2a4a8a51a4928ae09222b200000000143b49b5985d9b8df31a9e37ec52878a72f28a3761e1f2659f86185af15eee53b4de913199cde9e5e9e168bf8649d56bbbf77f73d6c3c0e3c7d6dd6dfa392fc4c4f5ed569ea0a8b6ea78a6f8b6db6fbb7ccedd4477717dee4cb3cb8e351e58e52dfe2499dbab161a628dfbf96d7e8fb651ed25652c42b6168b4ea3f8e4acfd52fe7b1cdc57111869d3d53dbf94ad6735ffdb1dff877a841534941592b2492e5d0f03bbd288d3d800000000000000000000000000000000000000000000000000000000000000000000000031d6aaa8a72aaec97160546e3c4f868c7d5d16dde308a8ca7df4e0bf52a35adb2db9c3ecac7d561b76a6212b4609add87472b73ec0731ca724c77a43aeebe3a7254b7937564f859e8a1d1915da69c56154630bd4a89462afed3b24afdb8712a2cb0596d9a9e2fc52e51f763f37dc8ab3000000002bf39ce286494dd5cd2ac69c17393e3d92e6cce98ed927558dca4cc47772ada8f49b5b314e1905f0f4b5bd69c7eb25fd31f77ccf5707d9f5af5c9d67c3872f191be5a46ecd163195593a9525294a57deab524dc99e8c44446a21c17bcccef24fe11fe5e6ad650d297e2c4ce9963c17cb3cd7e9546bdcc7bbd088ae3aea2350bdd92d99abb4f57d5e1d6ed28b5ebaadb48ae715d64ff0043566cd5c35dcfabda1a622d96da8eceff0094e594b28a50a1808eed382b25fbb7d5bea7cfe4bdb25a6d6ef2f42948a46a3b2718b20000000000000000000000000000000000000000000000000000000000000000000000008d8ac5aa1a7b537c22b8befe5dc08528b9dea636496e5dfb5e082e37eefb94732dbbf49aa1bd86d9b6dca5a4ab2e2f9351e8bb84566c7fa3ca998c962b69f7945f8a34afe2973bcba222ba96168ef25472d8454216574ad18fcd9517583c0c70bc3593e329716454a000000186ae22146eeb4e31b2bbbc92b2ea22267b426e1ce769bd28461bd4b6660aac95d3af3d2945f6e737fa1e960fb3e6dd72748f1eee5cdc5531fd5cbf31cc2a66353d663ea4abd6eb36ecbb463c123d5a5298e3548d39263264f8b24f2d7f59214377c58a777d3919344e58f4638d47eb2c15f10ea7b3a224cf86fc1c2c47c57efe1812b98baed78ab66d8cd8fabb513bc6f4f0d176a956dc7ac21d5fe88d3c47135c31e6de3f968ad2d967a748f2eeb93e574b27a51a197c1429c7825cfab7d5f73c2c992d92dcd69dcbbe94ad23509e60cc0000000000000000000000000000000000000000000000000000000000000000000000020d7c6395e385b36bda937a47e6fb01599a6654321a6eb66353753beada739be8bb0471dda3daec66db55585c9e12549bb46943cf8c9f3fd9056e7b1de8fa8e40957cd6d5713c75b38439fe2c26dbad0c2cb1aef3bc69e9aa6d4a5af0ec8a2de9528d14a34924972488ac800000035fda9dacc36cc437b1d2dea92fb3a30b39c9f65c9773760e1ef9a755ede585ef158eae159ee3e79b57ab8acc15a55de94b7e4f76095a30fd2fe67bd8b1c63a4563d9e6ded39adf07e7e10a11957b455a315a76f2364ccc9ac78a6675bb33c94708acb597ea23a39e7ef73cff00dd42255aaea7b7f91265dd8b0d71f6efe5e1e9c4446cbe68af66f1b0db013cfb76be68a54f0ba38ae12abe5f0c7bfe472713c65717c34eb6fd98e2c56cbd67a55da70785860a11a785828420928c6292491e25ad369dccee5e84562b1a8ec9045000000000000000000000000000000000000000000000000000000000000000000000078a9354d5e6ec9730204eacb17ecde34ddad67e297e1c901ac6d76da61f65a1b90b54aebd9a49add8e9c65dfb710397e072fc7fa48aeea569354bdfa92d2315d23f203adecf64187d9aa6a96590bcde929b4b7e6ff8454daff0d82e12c4eaf4b4792f9b0275ac457d0000001cfb6d3d20acbe52c2ecfeed5c52fb49b7f574b4e2dae32ec77f0dc14dfe2bf4afeae7cd9eb48f9b926331adce552ace55b113f6eb49ddf68c574ec7af58888d56350e2e5b64f8afd2be3cb3d7d9ec6528d2a95f0f3ff71bdb8ade2b2d5b97c3c4c632e3b4cc45a3a364df9751ad5512bd378293839294ade349e89f25e66712d5afbeebad6a7a4f9f28ef5e3ab12e8c7358af4e828dec92bb764924db7d12ea5886acb9bda1d4b60fd1cfb389da28eba3a741f97b53eff77f33cce2b8efecc5f8cff0d987869b7c593f27548addd23c1703ca77bd0000000000000000000000000000000000000000000000000000000000000000000000011f138a587d38c9fb315c5810e69caf3c5b568f8acdadd859717d581cdf6e7d25c70dbd432095e52d255b9f943a2ee052ec77a3cab9ec962f695ca349bde50bf8e7af3e8bb81d6b094234631a196c1469c2c92496ec7bbeac22d30b85587d78c9f1930a900000003157ad1c34653af251845372949a492ead888999d40e47b61b7f3ce77a8e433f5584578d5c4f094f938d3e8bef1ebf0dc1453e2c9d67c7f2e3cdc47f6d7bb48cbb09573792c2e4349b4f8eaff19ce5c9733baf7ad239af3a873c57e2ebd6de3c3aa6ca6c250c8ad5315bb5f14acf7e4bc14ffa57f27939f8bb64e91d2bfacbaab8baeedd67f485d63f18eac651a0ed17753aaf9ae7187cce7ac6a76cadd6351d9ccf3fd9376a988a6d428d3539705bd2d3c30b73d79f43d5c5c445a62bfdd2e4af3e2ada7bd7dbe4d532dc154cca74e8e0a3bd52a3dd8afc2edf64b89d736ad6b336e910c32d6dcf1aef6fdddaf62760696cfa55b1b6ab8a6978ade187687cf89e2f15c6db2fc35e95fdfeaecc3c3453e2b7596ec713a8000000000000000000000000000000000000000000000000000000000000000000000002157c5b6dc70967257de95fc31f3eafb015f9863a8e4b4e55b31a9bb1e7295b7a4fa4574038f6d5edc6276aaa2c264909469c9b51a70e32d78cbaf970036cd88f4754f26b6273eb54c4692507671873fc581bf53a52c66afc30ebcde9cba208b1a54d5256a6ac82bd8000000839be694b27a52af98cd429c38b7fa45756fa195296c96e5ac6e58ccc56372e2bb61b55576966a15d4e3876fea3090bfacaaf94ea25cbb1edf0fc3570c6ff00bbde7da3e8e0cb9ed79d57b24647b075f396a79d4bd4525ecd2495edcafd3c8c7371b4a74a75b14c33f4fddd2b2ec0d0c969fabcbe11a74f45294578a4edff00e4cf32f7b649dda772e9ad2b58e8f388a8ea695348f285f57de4f9f9184329619d2f7b11c34dd8fecbfb1944a4c33c320ff545ff00aa2b5369a54ef67aae2fa7908cd349dd7bf9270c5e356ecf3b37b0983d9cab2ad808cdcda718b9cdcb753776a37e0659b8bc996bcb6eccab86b5b737bb69399b400000000206619bd0cb57fbdad187672d7f230b5eb5ef2e8c3c266cff00e9d265a7e6bb7ceb374f21a5bcff00ee4d69e691cf7e27da8f7785fb062b1cfc4db5f28eed431f9ce26a4d4aae2a6ea2b35b9269277e16e673cdaf33bdbdba70dc3529a8c71cb3e7bcbaaeca6672cd70d4ea57f6f58cf4f7a2ecd9e863b4dabb97c5f1f82b873dab4f4f78fa4ae4cdc600000000000000000000000000000000000000000000000000003cce6a9abcdd92e6d815f56acb17a42f1a6efaa7e296b6d3a2ee06bfb57b5b4365e169da55ad78d24d59779bff001b28e4f08e3fd24621ba6dba69f8a6f48415f82f97120eafb2fb2d86d9286ee116fd79594ea492726fa2e882364a183751a962bbda17d3cdf560d27256e015f400000000d036a3657139ee265571f88853c2d2dd587493938e9e3a9baf4df6f9eba1e860e271e1c7aad7769eee2cf82f96dd675584cc8f67b0f93a6f050b37edd7aaaf567e4ede15d91ab2e7c997d53d3c7b33a63a5235585ad5abb9e1ddd7942fdbda9f45db89a5b11e4dc9dfda9f5b6915d1744457d84375da1e29be0bfce0bb8dae96782cb553b4f11acf469728f977ee6132ca2164464000000001afe6db5787cb5ee464ead55ff4e9d9bfc5f046abe6ad7a7797a5c2fd959f3c736b969e67fc796979bed8e2318dc63354a3f0527797e33e4fc8e5be7bdbe50fa1e17ec7e1f1f598e79f33dbf2fe54ff004475fc78af0c38f89de52eedb34eb7dde84658a7c34eb6f976846c563b4f5782568f5b6acca218cfc3f15e7764ad9ec8e799d58c29f17ace56f663d7ccdd4a6e5e6f19c6c52b333ffd761c060e180a71a58756841597ccec88888d43e4f264b64bcdadde528ac0000000000000000000000000000000000000000000000000003062712a87b5ab7c12e2c08728bacf7b13cb5ddbadd8ebc5f56073ddb7f4930cbb7a8e48f7aa3ba956d34ed05fcf00359d92d85c46d4cfe959eb9430edef6adefd4e775f303aee030b4f0108e1f27a718c63d168bbb76d59516986c1aa3acdef4fe27fb2e888a9400000000008d8ac5470eb5d5be092d4b10933a56556eabdec559b576a17b452eaefa7e26513a633132e73b6be926382dfa590c94aa2bc6589b5e31d2cd525efcbef7042648848f45b5f1f8ca355e70a4f0d27bd87a955bf58db7796bc651ee224986f387a4eb3ddc32e16de93be9f37d84c910b9c26123855e1d5be327c598cced94469208a0000000acce33ba393477f1d3b7c315aca4fa25ccc2f7ad23732eae1782cdc4db971d77f3f68facb40da0dacad8e4d5493c35077b42325eb66bbbf751c77cd7bf48e90fa7e0fecac387aea325fccfa63f96b545cf17e0c143d5c1f1d5ef3eee46aecf52755f8af3bfdbf084f851a5952bd4d67fe70f99621a66f7cdd23a55598ac54f1af5e1c97f26510735714744fca72a9e2a718505bd397f97ec8d95aede6f11c54444cccea1d5f20c9e193d3dca7acdeb525d59d75af2c3e6788cf6cd6dcf6f65a993400000000000000000000000000000000000000000000000000043af8bd5c70de292f69dd5a3dd8103198aa59541d6cc2a6eae129cad797dd8a28e43b61b795f3f9fd172584a3093b2a71d652d78cadc7cbf320d83623d1ac7016c56d35a557471a4edbb1e7e2eafb01d0e9c258cd28f829af797ec95bf52a2ca8d18d056a6acbfcd48ac800000000008389c66bbb86d65cdbe0b5fdcb10932aac7e3a96570956c6d4518abefd5979fb315cdf62a69c7b6cf6eab67f2fa2e5109aa537baa9c5bdfa8ef64ea35cbeeafc41adaf763bd1bc707bb8ada9b4ea2b4a143dd8734e7d7c824cba6617092c5d9cd6e5256dd4b4bab704bdd4265621714a9aa29469ab25c118b27b00000018ead48d14e555a515ab6dab0de96b59b4ea23732d2f3adb4756f0d9f4a495f7f113f623fd3f133932711ed4fcdf43c27d8b15d5b8adc6fb563bcfd7c340c6667e36e8b756bcbdaad51dff0008ae48e6d4ccee5f475c515a456639691dab1fe7cbd607289e29facc537af172fe0bf463933d69d23f28ff0029f89c64302b7308af2ff357d44434452d7f8afd953bb2c4bbcb57cd99c4264cd158d42e727c9e78c92861a3793e2eda2eadf446dad36f2b88e262b1bb4f474ec8f25a79442d4f59bf6e76d5f6ecbb1d35ac55e067e22d967af6f0b532680000000000000000000000000000000000000000000000000799cd534dcdd92e2db02054af2c5fd95e34f4f1739f65d17728a2da5da7c3eccc2d5ad2aa97828c5abf0d2537c901c8b118cc7fa44c46e612f25f8aa74d76e9e7c590754d93d90c36c7c135f598976dea928dddf8351e8812d968e125897bd8cd17285ff57f22a2c52b7022be800000001e673504dcdd9202b2be29e23ecdeed3d3c5cdebc11621265afed36d3d0d9b87fb8d66eee14632f13fbd27eec7f5654722af8bc7fa43c4a86113695ed249aa74a37fd3cf8b1b5d3a86c96c761f6522bd4af5d8b9af15571d6fcd43a2ee2125b7e0f2ebb53c5eb2d1a8df45f36499588597022be8000000aacfb3aa5925373c5cbc4efb905aca4f924b99864c95c71b975f07c164e2afcb48e9ef3ed11f372dcc71d5e71ffd72b4e6aa3de54b7ecb8fb2d2e479f36b5bd52fb4c187056dff00af588988d6f5d7eb13e54f52b55cd1a8538eec17b308ad3fb8d4437c4463dcfbfbccaf30193c304b7f13c79ded61af2e4be79b4f2d3f3f747cc334756f1c3691ebf22c46d9d30c53e2b75942a1867578f033886acdc4362c93239e61251a0ac97b52b68be6fb1b6b4dbc7e27898a46e5d232bcb29e570dcc3afea9736fab3a222221e1e5cb6c96dca71935000000000000000000000000000000000000000000000000030e2710b0ebc5abe515c5f640419a759ef629a495da836b752b7197528d2b6c7d20472a4e9e54b7aab7baaa5935dd4573f308d1f66363f15b7151e233372a786949ca536def4f5bb4afc572b915d832bc051c8e0b0d91524ad6bdb8ff00549945ae1704a93deacf7a7d792ec86d349845000000000c388c4470ebc7c5f05cdf61a4dabaa375ddf11e7182e5ddbfe781926da16dafa45a794a953cae51a95d68ea71a70ed1f8e5df820434ad98d90c56dad4788cce53a78572bce7372dea9aea95f8f9f02771d8b27cae965b4d61b23a6a1056de76e3a7b527cdf60bdd7b84c1c70dc3593e327fe6886cd251140000001ae6d1ed3c72bfaac1af5b8a97b34d3d23f7a6fdd469cb9a29d23acbd4e03eccb711ff0092f3cb8a3bcff88f32e759a667ea26eae326ab62df197b94feec51c333333b9eb2fabc1c3c4d2298ebc987c7bcfce55cf2cc463146b6263251aadee4e57d6dc656e2919d31da7afb19f8dc186271d2776afb47f94ec0e2aa6533f5198d34a6e2e54a4bde8df87632b526ae48cd1c4cef7afdb68d8cc64f1afc7a45708aff00353088dbbab5a618e9dfcb261304e5acd7e06c8870e6e21b4641b3f2cc5ddf869ae32b7e91ebe66ea536f1f89e2e29d3bd9d030784860a2a1878da2bfcb9bf510f16f7b5e776ee9056200000000000000000000000000000000000000000000000008788c5dbc3865bd3d75f763dd810b135a197c255f1d3d15dca6d2bff004c3a01cbf6bf6ceae6b3586cb62fd54d4b769c7da9db5bbec54586c67a3e8a71c66d245facba9420e5ecab5d2b72e370ae894ef894a1845b94a3649a5a5ba2089f87c3c70ead4d79be6fb9159800000000010f138cdc7bb4359fe8bccb10932adc562a1808cab636a28a8fb7524ddbca3d5f6454723db3f48353346f0d91a9a84fc3a5fd6d4f3b705f77f30ba586c6fa35ddddc56d678a5a4a187e4b9a73f9036ea387c33c459456e528e89256d2dc1745dc932442d6952545254d59222b20000000f8ddb881a567fb58eb3951c8a4bc3a56c4bb6e43aa8fc52fd0e4cb9ffb69f9bdfe0bec98ac465e263bf6a7bcfd7c4343ab8c7293a393a94ea547e3ab66e751f5bf2472c46e7a7597d34628ad7ef33cc4563b47b47fcb67d9fd908e0376ae70954adc6346f78c5f273f89f63af170faeb6fc9e07da1f6ddb2ef1f0fd29ef6f79fa786cd5a8fbf88d656b4636565d15b91d5a7815c9a9d474873ccf70d531d5271a7093951929d4ab34d6ee96515d56bc0d16eaf6705e2b113befdbf97dc1e1d564a6b8f07e7c1b34446a74f472669b5225b8e41b32eb5a78d568728f37e7d11d14c7e5e1f13c6ebe1a77f2dca9c1524a34d592e092373ca99999dcb20000000000000000000000000000000000000000000000000f32928eb2765e6040ab8996274a0dc61f1d95debaa8afe40a8cef3ba1b3f1b4d6f54f6951835bdde737c97728e5b986371bb6f889d3c0de70bc168da8423bc9ca2bf0e7cc0e87b35b25436762a75d2a95f5f1495dabae11ec11b352c2cb10f7b13a47946fc7cfe43627c62a0ad1564b8115e800000000f32928abcb4480aeaf8a788baa3e1873934eef4f77e6588499516d0ed0e1f66e9df14ecdeb0a69f8a7a717f0aee54d39163b33c77a40aea96062f753f0c63754e9ae6f97e7c46c74ad90d8bc3ecac54acab62df1abbaf4eaa0bf90bb6e586c0b9bdec57e11fe5f564992216095b8115f400000062af5a3878b9d66a318a6e4db49224ea3acad6b6b4c56b1b9973ada5da679a4651a3274b06b8cd3b4eb7dd8f48f7e67165cd37e91d2bfbbeb3ecff00b32305a26d1cd9bc7b57e73e6547976595f68ed0c147d4e163c1b4d2eefbbee6ba62b64edd2af4389e370703136c93cf9a7dbdff00e21bd64d93d1c9d6ee591bcddb7eabd5f7dd3be98eb48e8f91e378fcdc55b7967e1f68f6859282a3c35975666e199dbcaa3bfe2a8ecbaff0be60db063b2e96694e54e859475b37c2fcb96be64b46e34df832c63bf34a36ccecccb2f7bd8e5176f65277d7e235531ea772eae278d8bd3969efddb61b9e6800000000000000000000000000000000000000000000000030627131c32bd47c6c92e6df440429c658977c4705afabe4b5d1c9ff0000691b69e90e9650a54f2a929d5d53ab64e317c1c62b9bfd101a2eceecb6336eea3ad8d72861dbbcea49cb7a7adda5d5fe8823b1e5195d1c8a10c3e510d52b5f9beadb28b7c360f73c555ef4bbf2f222a5800000000030e23111c3abd47e4adaf90d26d5d5652c4b4ebf0d77609f1e8d97b277693b6be902964aa54b2f71a95d68df1841db82f8a5fa228d1767b65717b7351e23339ca1876ef3a952f79ebc23d5fe880ebd936554b2782c3e4b4d45737cdf57297f005f61306b0facb593e7d3b2e88932b109645000000000e719ee3ebed0d5a947054e53a34a728460935194a2ecea4dfc37bd91c396d7c969ad63a43eaf82e1f0f058ab9725a22f68dccfbc44fb4479f32c4f21a5818fd2b6b2ba928594611beea76d2115ff00525cac8d94e1e23ade77f273f11f6d4ea71f075e589ef33de7f84996d2fd012a99deee170b3dc8d0c3a8deab57fb6a96f657dd3a623f27836b6edbdeed3ef2daa334d2f516716938b5cd357562b5cf77b5054f5a9c7a7f9c7c8224d3c3babad6d17c3fcff6026256e007d000000000000000000000000000000000000000000000000002262319b8f7282de9f3b708f77d10106bd5860a32ad8fa8925ed54970e1c208a3946db7a439e60de1b25528d397877527bf377e76e0bb104ad89f4692c4b8e2f6ab45a3850fd56f74f203a95186fa54f05151a71f0dd2b25d922a693a8505415a1f8be6c8acc0000000000898ac67ab7bb456f4fa725ddf42c424cababd48e1d4aae2e696eddcaa49da30d387f6e254729db5f48d2c63961b6794b767e194d5f7e7cacbe15db8b0246c57a367537715b53af0942836fcef3e8bb01d430f45e2128e1d6e528e9a46d6d38457f24d9a5ad0a11a0ad4d5bfce24dac43285000000000f156aaa29ba8ec901ae6719c2c2b54b0f0dfad3bb861a9b4a52fbf36bd88f7e64edd9957769eb2d0f3fcfa39654dfc44a389cc1694e314fd4e1d356dd8479cbef7165d6966ded1d9ef667632ae753fa5ed336d4ad254db69cb9ebf0c7b060e974e0a8da3456a924a2b92e092e88097430dbbe2abacbf45d809200000000000000000000000000000000000000000000000000796f7757c00aeab8b9621b587bc609d9d4dde3a708fcca2ab3dcef0fb374ef8bd65eed24d6f4b4e32e8bb9071fcdf3ec6edd575472e8b97c318dd420b85f5e1e6c0e87b17b0b4366e2ab629aa98976bd492d22f9a8757dcbad24cf86eb4e8cb13ad54e30e51beafbb1b2213a3150568ab24457a000000003e376e205757c63af7586768eb79b5decd2f996212654f9de754367693a98c96ea777182978e6faae8bb951c7f37cf71bb7d5d50cb60d534fc3085f720bac9f37dc0e89b1fb0d87d968aab8bb55c53b5e6d5d45f48aebdc12dca860de27c58ad23ada3d7bbf9136b10b38addd17022be80000000003057c42a5a4759b5a47f9ec80d5333cea789728e5928f82feb7153fb2a5d630ff00b9534f228d0f30cfe55a52c26cac6739d67f5d88978aad47c1bbf28fe880da763f6161955ab66b6a988e3abba873ff00dd2ee41b9c2f59da8f0e72e5e5dd81368d154786af9b7c40ca0000000000000000000000000000000000000000000000000062a95153e3c75d3fce006b989cd9e3ea2a7874e54d7bb1e351f57f0d35d79f22a2a76e76ce1b33154f0f6788945eba6ed3d2cacb9bbf20ae67946498cdbcaaeb62652861dbfacaf2bb6feeaf89f6e089dc760c8722a1b3d4d51cbe9eaf8af7a7a5b7a6ff008e05ec9dd7d87c259ef62359725c97f7ee4daa600000000003157af1c3abd5765fe6805756a92c4fdb690e5057bbd74bfc8ba63b6a3b67b734767a2e149c6a622cd28269c61fd5d65d8a39de4d90e37d215675f309ca341bf1d495f5fbb05fe24491d7f24c9e86ced3587ca29da4f8be72ef26ca2ef0b82f56f7f11e29fe8bb1265621388a00000000002bf1d98470f172738c611f6a727a2d6d656e32ec06a19de6f154dcf309ca8615dda8ef5abd7feaf829be9c59749b696a58bdb89aa196c3d4e129f08c56ec22afc65d5f61b34e93b37b334366a16c3abd476dfaaf8bedd97622aee145e2359de31d3cdf67d1013631505682b203d0000000000000000000000000000000000000000000000000010f1b8f8613ed1abd9c9dde91496b293e484424cb558d5afb49a536e9616eef369a95557e3cb761d17168d79373d2b3f56dc7111d6d1bf083b4f9bbd9b82a193d2dfad5dda31a6dba8dbe1bcfdd5fc1697899e5df584bd26239b5d2557927a3678f97d2f6c26e5564d3f530768a5c547b9b1837fc3518c6d4f2c828c22ac9a49462ba2b716368b2c3e1950e1ab7c5be24567000000000045c563151f0c3c537cbf97d116212655b5eaaa379e25a94ff00aad18f7d7879974932e71b5fe9067172a190f8aa5a7bd5372ef76d6b47a2d6f7e2ca908bb17e8d658e6b15b517dd769468b6eef9de4efa797122ba961e9ef254b2e8a8423657ddf0aecbb816785c2c70cad0e2f8b7c598ed92400000000003cce6a0af376405466799aa368b4dca7f674a0fc73f3f863dc0d1f69b69a195bbe2dc6b6257d9d08d9d2a3dfef4bbfe45ec9dd51906cb6276c6a7d2b3e9ca345eaaeb596becc1725dc92aea581c1d3cb211a397c14631b5a31fddf57dc09b4b0fceaeafa725f302480000000000000000000000000000000000000000000000000002bb38cde96530dfc5cadf0c79b7c925cd962136d6961e59a5f139efd4e1a2f7a345be3d2553e27f778234df2f4e93aaf9fe1ba98faf6ddbc7f2a3cdf6aaa6612547245b94d70b2f14b92fc3b1c7cf7c93aa74afeeed8c75c71bbf5b2f721c1432383c4e669bc44f8de5769724bb9d98b14638f9b8b3669c93fed5d616954cc1efd48ba549ebbadf8e5d9fc2bf537352e29d35495a9ab25c9107b000000003e376e2057d6c63ad78e15d97bd377b7e1d5974932a8cd734a592d3752bcf722fdf93bb93e8973fd8a8e5b9ee7b8cda7ad3c36594dee2dd71845eaeeeca737cdeb7b1534dd363b6228ecf4556c7adec46b79ca57b5daba5db4488b0dc69e1e58dd6b7869f25ef3efd9136b10b3841535682b25c88af40000000000c35abaa7a7193e080a3c7664e5bcb0fbb270f6e6e4bd552eafef4bb08265ce73fdae7294b0fb3fbd52ad4f0d4c438de73e568f45d917b2775cec77a3c545ac46d178ea3b49527c13e379f57d88ae82bc5e1a2b45657b68bb7f6024d1a2a970d5f360650000000000000000000000000000000000000000000000000000566779b472986f496f4e5a5382e327f23466cd5c55dcf7f686dc386725b51dbde5a3e678995371c5639a9e260d3a74ddb762afaab74ee79f19af16e6bcf59f6f6d3d09c5498e5a4748f7f75756ad8adb0a966b76947dd4da845736fb9d318ed9a773e9f669e7ae18d47abddb864391c300ad828294fdead28ff00faf63b6948a474715f25af3d57181ca55197acc54dd5a9ad9c92b47b4572f332996110b42280000000063ad5a341395576480acad59e2b5a9e1a7a6ec75de969cfa79174932d7b69f69e96451dd7695456b5152568abd939ebfa1611ce7039663b6f2bbab8c77c3a9bf1bba8eed9a518ae5603a86479250d9ca7186120e551daf26f7a6df16db02fb0d81de7bf8cd65ca3c97cd92656216045000000000010f118b514f71a4a3ed4db568fcd81ade739b470f4e5531351d2a1cea5d2a956deec57bb1ee588499739c666b89db3a8b0b92d3dca0b8462ada5fdb9b132443a36c96c7d0d9a8a94ad3c435e2a8d70eaa1d17722b63841d7e3a47f7025c62a0ad1d101e800000000000000000000000000000000000000000000000000011331c6c72ea72a95f84782e726f841756df231b4ea26562373a73bcdb36709caae22d2c43d12f7692f83cfaf73c6b64b5adcd3d6dfb3d7ae38ad7963a57f75560b0188cee57c353726f8cddd47f336d387b5a77dd8df3d691a6fdb3bb2ab2a52f5d565375375d48f086f2e07a58a9c95d3cdc9939edb6ca95b446c6b7d000000000044c6636386b456b395f762bfcd1162126501a737bf896a525adb7ad1869abfee5473bdb7f4931c0ef50c85efd67a4ab5b45cad05fc85d29f637d1dd6cfa4b15b4ae51a6def2849cb7a7adeefa208eb587a71a1f5394c145249376f0a5f302cb09848e1b55ac9f193e24995884a22800000000799cd415e6ec97302bb1b8d515e3ba4efbb18fb73e96e8bb81a96d4ed252c9d5f316a556d7a3858c938c7a4aa7565d27d1a6e5993637d2056f5f8f93861d3f6ade1b5fd882e6fb926488d3ab64f94d0c869aa397c2dc2fa78a4fab7cc2ace9e1f7b5adc792ff38812400000000000000000000000000000000000000000000000000000006bb9ee5988ccab4550a8a9d151d26aee71936f79a4f44edc25c8d5922d3ae56759ac7762c06c4e1708e2dc653dd4aca736d5f9cadcd985387ad6773d65b6dc45e63963a4364a74d5249534925c12491d0e799dbd80000000000056e271eea370c15aeaea537ecc7e6cb10932838bc4d2c9e9cab63aa6e47de9c9bde93b708ae7e454722daadb5c46d4d4fa26cf424a949a49453de97de93ff12036ad88f4734f26b6233cb54afc527ac61f37dc0dfa9d396378786975e6fe4bb92648858d1a31a094692b24464c80000000000c35abaa5c757c92e2c0adc5629ef5a3694d5ef1deb420be293e6c0e7bb51b711c14a54b2697adc4cbc33c434bc3afb14d1518f643602a665258bda6deb4bc4a9c9f8a7cd39745d88ae9d4a0a9a54f0714a31d128ab28e9c00954682a7c757d40cc0000000000000000000000000000000000000000000000000000000000000000000000063ad55514e551d92e2c0aaab5a58ed35852d55b55297c9175a49952ed46d4e1f65a16c4352a967b94632eda39745fa94d3942ff50f4935f4baa51e32f12a708f4f3edc584756d99d98c36c9c12c32dead2b29d46bc527d3b2ec20996c74304eb3dec676b4392eefab24c910b05a1193e80000000002356c4daea959b5c5b7a2fefd80a7c7e630c242556b54dca4bdaaf2b5df370820397e75b4d88da79fd0f6769ca345bb5a3ed4f5b6fcdf2454d373d8ed82a591255b31b54c47749c61d9757dc8adc63175f8691ebcc09508286905603d8000000000000000000000000000000000000000000000000000000000000000000000011f158a8e193751d9455db7c12eacb10932d6e86632cd6b7b178c7d88728abeb5aa3e5f763c79b2a35bdbef4870c8dcb0f94bdfc47bd3e51bad12eac8b0d4b64f61711b53358ada094e1424f7acf7b7e7f25dc77265d770384a797c6387ca29a8c636d22bc2bbbeaca8b5c260d50f14fc537c65fc2e84995884b2280000000079949415e4ec80855b11eb15efbb0e4fde9765d80d7369f68e8e4504f19ed71a5878c95de9ed4fa2039d51a18ef48b5af3f0d08be36b420afc17560755d9fc830fb354f73071bcdfb73715bd27fc2ec05c53a0e7ad6fc220494adc00fa0000000000000000000000000000000000000000000000000000000000000000000000056e699ac32f8ce55a5baa29de4f827c9779762c424cb5ba54ab67ce35319bd470d169c69dfc53e92a9d5f3b7234e4dda7513f0c776ec7aac6e63e29eca8dabcd2be13d5e0365a8a9d4ab7f63d98f59547f899d32d6f33113f1430be3b57533e9978d9af46d472f92c4ed04fd7e21bde9ef35b8a5c787348d92c36de694658cd297829ab78adc57442652216587a11c3adda4acbfcd4c593280000000003156aca971e2f82e6c0875a76f16238f150bab2d38bea068fb59b70b03f5797da75e6d4233d1c637e8b9b2a283663622bed25478bda3728d3949bb7bd3d78768915d570b87860a31a397c14631b5a31564bbf9f7026d1a3b9acb5975fe00cc0000000000000000000000000000000000000000000000000000000000000000000000000a6da0cfe9e4f1f1de756768d3a50f6e527c1765df917b46e7b2779d4776bbf47ddff7bb5938addd69515ecc3a28af7a5f78d19334446e7a57f596fc78a66751d6dfa42871fb4788cf6a2a795a9429aba8463c7cdf739227266b74e957672e3c35dcf5b36ac9f0d4f67a9c55387acc4d5b6fa526dc9f34afcbb9db4c75c71a8870e4c96c93b95be0f033aef7b1c9423ada945dff00e4f9f91b76d5a5b256d17022bd000000000023d5afaeed1f14b9bbe8bbb02162f151c042756bcbd95e39c9ab70e0bbf628e69b43b515b3aa91a194297aba8dc656b6f4b4b6af94422eb64361218471c4e75052aeecd45caf18db54fcc8ade637ada53d23f17f080954a9aa6ad003d800000000000000000000000000000000000000000000000000000000000000000000000029f3fce565514a9adead3bfab87ff27d1239b88e223157cda7b437e0c33927af4ac77968f5b16b2fa8b1588a9eb312d3bc5a5bbdd765c8e0c79ed49ddedb99ef1edff61dd6c3178d563511efeeaca384c4ed6557571d3b534deb7f0457c2bb9d34c16cb6e6bceff669b66ae2af2d61bde4d93ac343772d8ee2b6b5651f149f5f23bab5ad63a386f7b5a7aadf2cca9606f29ca552acadbd5276bf92e8bb194ced8c46a16245000000000f32928eb2764045a955d6beef861ade5cdf976ee05367f9fd1c961f5ced269b853528a94b4e2fe15dcba1cdf14f19b715dc70cfea124ad76a34f54fff00770e20745d9ed99a1b3f1bc16f5495af27abe1c1745abd082f69d17535aba2e51f9fc809496ee880fa0000000000000000000000000000000000000000000000000000000000000000000000000afce3328e594dce6af26d469c1719cde918230bdb96b36d6f4ca95e6b446fbb9c6699bba329ca52553113f6e7eec172847b23c59bdad69b77b4fe9f287b118e22b11dab1fafcd132dc9f159e34e8c2f1e7527751fee6ec7c3dadd5af27115a74744d9fd9b864f4f71ce5535726a56dd527c5a5ff93d5a472d62be1e5dedcd6995ea56e064c5f400000000018ab5654578b8f24b881166dcf5c477b434fcd81a46d8edfd3ca6f4f2e6aa57d53969b90e5a7c52fd1146a7b39b2589db1a9f49ce2528d093bb9cbda9ebc23dbb9075acb72ea394c23472ca6928e892fd5b7d40b1a34377c553597ede406700000000000000000000000000000000000000000000000000000000000000000000000000001ace7193e2335aeef5152a0a2a309c1fd6ebf68a3f037a2dee3635da2d3da59c4d623abde0b63309849efa8395adb919c9b8c6cba73fc6e6ba70d4a4efbcb65b88c968d6fa3618c5415a2ac970491d0d0f40000000000011ab622cf768ade973e8b5e2c08789c443031955c4cd2dd5e3a93d12edfdb881cab6bb6f6a666de1b2252509b71724bc75395b4f657602d762bd1c2a7bb89da3579692851e4b9de7d7c80e9305bf68d0568ab2ba56d3a202452a4a9af0fe2c0c8000000000000000000000000000000000000000000000000000000000000000000000000000000000000000000007c6edab021d4aeeb7d9bdd82b5e76e2b9a5f3029b68368686cf53dec43b5d5e14d3f1cfbf65dc0e4d8eccb1bb7b5d52c147c09f8611ba8415f8bebe6074cd90d8aa1b2f153adf598976de9b4b4eaa3d3cf881b4469badad5d23c975025456ee8b801f400000000000000000000000000000000000000000000000000000000000000000000000000000000000000000000c739ee71ff3bf6035caf9c3c65451c32738478423c6a4be297c14d7eacba4daab6e36d21b3c953a169e21abdb4718746fabec45683906cd62f6eaabaf8f9ca341bf1d595eefeec7afec075fc9f2aa190535472aa6970bbd37a4f9b9302ce8d0b78aaeb2fd80900000000000000000000000000000000000000000000000000000000000000000000000000000000000000000000000898bc74309f6aec926e52e51495ef27c8b10932d77ebf685bb374b097e366a7555f8bf863d17168d39376f86b3f56ec7aaf5b46fc206d3e3decfc234320a3eb2b576e2a30bb9dfac9fbb133a64accf2efe28616a5a239b5f0ab722f471eba5f4adaba9eb2b49ef4a945f85748bea8ce58b7fa515654f051518474564acbb104aa34552e1c79b03280000000000000000000000000000000000000000000000000000000000000000000000000000000000000000000002bb38cda9e510dfc4be3ecc526e5277b28a5cd81aff00d1e58cff0075b4afd5518f8a9e1dc934ba4a7f1cfb70469be5e9bdeabe7f86ca63999d6b7651673b4f5b359aa3934651a69ab28af14b5d1f65d8e599b65e91d2aeeae3a628ddbad9b0643974722a6ebe629bc44f8b6ef2ed05dcebc78e291f371e6cd3927fdabac3c2a631ef568faaa6ed68dfc4ff00aba2ec6d6959462a3a455901e800000000000000000000000000000000000000000000000000000000000000000000000000000000000000000000015b9d66b1cae1bd25bd39694e0b8c9fc8d19b3462aee7bfb43761c3396da8edef2d3f198af55bb5b30ab7c427bf049691b2d229743ce8cd78b735a7733edecf4a31566396b1f0f95528e2b6beab759eed385b9b508f7f33aa31ce59e699f87dbe4d137ae18e58effbb75c8f27865d1ddc0c6efdfad25abf2e88ecad22b1d1c17bdaf3d56182cad61e4ea579caad477b4a6f48f68ae46732c2216445000000000000000000000000000000000000000000000000000000000000000000000000000000000000000000000011331c7472f83a95b5b5946296b293f6609736c933a8dac46e74d0339cd9d29caa556a58877495ef1a51f8177eafa9e2def6bdf9a7d5fb3d8a63ad6bcb1e9fdd5581cbb139e4af420e5d672d23f9f336e3c16b30c99eb5e8dfb20d9986551f14a529caceaf89eeca4b83b763d2c74e4ae9e6e5c93925b0256e06c6b7d00000000000000000000000000000000000000000000000000000000000000000000000000000000000000000000000001439de595b33a9154ea2a5492f6e3f689bba928df48b6b4dee26bbf3cfa59d66b1dd8709b1784c338b506d4124a32936b4f79ae6cd74e1eb13b9eb2d93c45e6bcb1d21b0d382a492a6924b82491d0d1bdbd80000000000000000000000000000000000000000000000000000000000000000000000000000000000000000000000000000000000000000000000000000000000000000000000000000000000000000000000000000000000000000000000000000000000000000000000000000000000000000000000000000000000000000000000000000000000000000000000000000000000000000000000000000000000000000f8901f400000000000000000000000000000000000000000000000000000000000000000000000000000000000000000000000000000607c407d0000000000000000000000000000000000000000000000000000000000000000000001ffd9);

-- --------------------------------------------------------

--
-- Estructura de tabla para la tabla `usuario`
--

CREATE TABLE `usuario` (
  `ID` int(7) NOT NULL,
  `Nom` varchar(50) COLLATE utf8_unicode_ci NOT NULL,
  `ApPa` varchar(20) COLLATE utf8_unicode_ci NOT NULL,
  `ApMa` varchar(20) COLLATE utf8_unicode_ci NOT NULL,
  `Tel` varchar(10) COLLATE utf8_unicode_ci NOT NULL,
  `Nickname` varchar(20) COLLATE utf8_unicode_ci NOT NULL,
  `Cont` varchar(20) COLLATE utf8_unicode_ci NOT NULL
) ENGINE=InnoDB DEFAULT CHARSET=utf8 COLLATE=utf8_unicode_ci COMMENT='Tabla de Usuario';

--
-- Volcado de datos para la tabla `usuario`
--

INSERT INTO `usuario` (`ID`, `Nom`, `ApPa`, `ApMa`, `Tel`, `Nickname`, `Cont`) VALUES
(1, 'Diseño', 'Equipo', '19', '', 'Admin', '123'),
(3, 'Samuel', 'Cuj', 'Alvarez', '8136178683', 'Admin02', 'contra12345'),
(4, 'Jose Rafael', 'Guerrero', 'Ulloa', '8113007926', 'Rafa', '123456'),
(10, 'Diego', 'Rodríguez', 'Chávez', '8123377708', 'Diego', '1'),
(11, 'Debanhi Astrid', 'Roque', 'Campos', '8120538565', 'Astrid', '041222');

--
-- Índices para tablas volcadas
--

--
-- Indices de la tabla `d_pedido`
--
ALTER TABLE `d_pedido`
  ADD PRIMARY KEY (`ID`),
  ADD KEY `ID_Folio` (`ID_Folio`),
  ADD KEY `ID_Pro` (`ID_Pro`);

--
-- Indices de la tabla `pedido`
--
ALTER TABLE `pedido`
  ADD PRIMARY KEY (`Folio`),
  ADD KEY `ID_Us` (`ID_Us`);

--
-- Indices de la tabla `producto`
--
ALTER TABLE `producto`
  ADD PRIMARY KEY (`ID`);

--
-- Indices de la tabla `usuario`
--
ALTER TABLE `usuario`
  ADD PRIMARY KEY (`ID`);

--
-- AUTO_INCREMENT de las tablas volcadas
--

--
-- AUTO_INCREMENT de la tabla `d_pedido`
--
ALTER TABLE `d_pedido`
  MODIFY `ID` int(7) NOT NULL AUTO_INCREMENT, AUTO_INCREMENT=29;

--
-- AUTO_INCREMENT de la tabla `pedido`
--
ALTER TABLE `pedido`
  MODIFY `Folio` int(7) NOT NULL AUTO_INCREMENT, AUTO_INCREMENT=19;

--
-- AUTO_INCREMENT de la tabla `producto`
--
ALTER TABLE `producto`
  MODIFY `ID` int(7) NOT NULL AUTO_INCREMENT, AUTO_INCREMENT=6;

--
-- AUTO_INCREMENT de la tabla `usuario`
--
ALTER TABLE `usuario`
  MODIFY `ID` int(7) NOT NULL AUTO_INCREMENT, AUTO_INCREMENT=13;

--
-- Restricciones para tablas volcadas
--

--
-- Filtros para la tabla `d_pedido`
--
ALTER TABLE `d_pedido`
  ADD CONSTRAINT `d_pedido_ibfk_1` FOREIGN KEY (`ID_Pro`) REFERENCES `producto` (`ID`) ON DELETE CASCADE ON UPDATE CASCADE,
  ADD CONSTRAINT `d_pedido_ibfk_2` FOREIGN KEY (`ID_Folio`) REFERENCES `pedido` (`Folio`) ON DELETE CASCADE ON UPDATE CASCADE;

--
-- Filtros para la tabla `pedido`
--
ALTER TABLE `pedido`
  ADD CONSTRAINT `pedido_ibfk_1` FOREIGN KEY (`ID_Us`) REFERENCES `usuario` (`ID`) ON DELETE CASCADE ON UPDATE CASCADE;
COMMIT;
